month,asset_id,close_price_usd,as_of_date,source
2020-01,AAPL,309.51,2020-01-01,yahoo_finance_monthly
2020-02,AAPL,273.36,2020-02-01,yahoo_finance_monthly
2020-03,AAPL,254.29,2020-03-01,yahoo_finance_monthly
2020-04,AAPL,293.8,2020-04-01,yahoo_finance_monthly
2020-05,AAPL,317.94,2020-05-01,yahoo_finance_monthly
2020-06,AAPL,364.8,2020-06-01,yahoo_finance_monthly
2020-07,AAPL,425.04,2020-07-01,yahoo_finance_monthly
2020-08,AAPL,516.16,2020-08-01,yahoo_finance_monthly
2020-09,AAPL,115.81,2020-09-01,yahoo_finance_monthly
2020-10,AAPL,108.86,2020-10-01,yahoo_finance_monthly
2020-11,AAPL,119.05,2020-11-01,yahoo_finance_monthly
2020-12,AAPL,132.69,2020-12-01,yahoo_finance_monthly
2021-01,AAPL,131.96,2021-01-01,yahoo_finance_monthly
2021-02,AAPL,121.26,2021-02-01,yahoo_finance_monthly
2021-03,AAPL,122.15,2021-03-01,yahoo_finance_monthly
2021-04,AAPL,131.46,2021-04-01,yahoo_finance_monthly
2021-05,AAPL,124.61,2021-05-01,yahoo_finance_monthly
2021-06,AAPL,136.96,2021-06-01,yahoo_finance_monthly
2021-07,AAPL,145.86,2021-07-01,yahoo_finance_monthly
2021-08,AAPL,151.83,2021-08-01,yahoo_finance_monthly
2021-09,AAPL,141.5,2021-09-01,yahoo_finance_monthly
2021-10,AAPL,149.8,2021-10-01,yahoo_finance_monthly
2021-11,AAPL,165.3,2021-11-01,yahoo_finance_monthly
2021-12,AAPL,177.57,2021-12-01,yahoo_finance_monthly
2022-01,AAPL,174.78,2022-01-01,yahoo_finance_monthly
2022-02,AAPL,165.12,2022-02-01,yahoo_finance_monthly
2022-03,AAPL,174.61,2022-03-01,yahoo_finance_monthly
2022-04,AAPL,157.65,2022-04-01,yahoo_finance_monthly
2022-05,AAPL,148.84,2022-05-01,yahoo_finance_monthly
2022-06,AAPL,136.72,2022-06-01,yahoo_finance_monthly
2022-07,AAPL,162.51,2022-07-01,yahoo_finance_monthly
2022-08,AAPL,157.22,2022-08-01,yahoo_finance_monthly
2022-09,AAPL,138.2,2022-09-01,yahoo_finance_monthly
2022-10,AAPL,153.34,2022-10-01,yahoo_finance_monthly
2022-11,AAPL,148.03,2022-11-01,yahoo_finance_monthly
2022-12,AAPL,129.93,2022-12-01,yahoo_finance_monthly
2023-01,AAPL,144.29,2023-01-01,yahoo_finance_monthly
2023-02,AAPL,147.41,2023-02-01,yahoo_finance_monthly
2023-03,AAPL,164.9,2023-03-01,yahoo_finance_monthly
2023-04,AAPL,169.68,2023-04-01,yahoo_finance_monthly
2023-05,AAPL,177.25,2023-05-01,yahoo_finance_monthly
2023-06,AAPL,193.97,2023-06-01,yahoo_finance_monthly
2023-07,AAPL,196.45,2023-07-01,yahoo_finance_monthly
2023-08,AAPL,187.87,2023-08-01,yahoo_finance_monthly
2023-09,AAPL,171.21,2023-09-01,yahoo_finance_monthly
2023-10,AAPL,170.77,2023-10-01,yahoo_finance_monthly
2023-11,AAPL,189.95,2023-11-01,yahoo_finance_monthly
2023-12,AAPL,192.53,2023-12-01,yahoo_finance_monthly
2024-01,AAPL,184.4,2024-01-01,yahoo_finance_monthly
2024-02,AAPL,180.75,2024-02-01,yahoo_finance_monthly
2024-03,AAPL,171.48,2024-03-01,yahoo_finance_monthly
2024-04,AAPL,170.33,2024-04-01,yahoo_finance_monthly
2024-05,AAPL,192.25,2024-05-01,yahoo_finance_monthly
2024-06,AAPL,210.62,2024-06-01,yahoo_finance_monthly
2024-07,AAPL,222.08,2024-07-01,yahoo_finance_monthly
2024-08,AAPL,229.0,2024-08-01,yahoo_finance_monthly
2024-09,AAPL,233.0,2024-09-01,yahoo_finance_monthly
2024-10,AAPL,225.91,2024-10-01,yahoo_finance_monthly
2024-11,AAPL,237.33,2024-11-01,yahoo_finance_monthly
2024-12,AAPL,250.42,2024-12-01,yahoo_finance_monthly
2025-01,AAPL,236.0,2025-01-01,yahoo_finance_monthly
2025-02,AAPL,241.84,2025-02-01,yahoo_finance_monthly
2025-03,AAPL,222.13,2025-03-01,yahoo_finance_monthly
2025-04,AAPL,212.5,2025-04-01,yahoo_finance_monthly
2025-05,AAPL,200.85,2025-05-01,yahoo_finance_monthly
2025-06,AAPL,205.17,2025-06-01,yahoo_finance_monthly
2025-07,AAPL,207.57,2025-07-01,yahoo_finance_monthly
2025-08,AAPL,232.14,2025-08-01,yahoo_finance_monthly
2025-09,AAPL,254.63,2025-09-01,yahoo_finance_monthly
2025-10,AAPL,270.37,2025-10-01,yahoo_finance_monthly
2025-11,AAPL,278.85,2025-11-01,yahoo_finance_monthly
2025-12,AAPL,271.86,2025-12-01,yahoo_finance_monthly
2026-01,AAPL,259.48,2026-01-01,yahoo_finance_monthly
2026-02,AAPL,264.18,2026-02-01,yahoo_finance_monthly
2026-03,AAPL,253.79,2026-03-01,yahoo_finance_monthly
2026-04,AAPL,271.35,2026-04-01,yahoo_finance_monthly
2026-05,AAPL,312.06,2026-05-01,yahoo_finance_monthly
2026-06,AAPL,289.36,2026-06-01,yahoo_finance_monthly
2026-07,AAPL,308.91,2026-07-01,yahoo_finance_monthly
2026-08,AAPL,316.85,2026-08-01,yahoo_finance_monthly
2026-09,AAPL,336.0,2026-09-17,yahoo_finance_monthly
2019-12,ADCGLOA,1.03,2019-12-28,adcap_fund_nav_reference
2020-01,ADCGLOA,1.0339,2020-01-28,adcap_fund_nav_reference
2020-02,ADCGLOA,1.0379,2020-02-28,adcap_fund_nav_reference
2020-03,ADCGLOA,1.0418,2020-03-28,adcap_fund_nav_reference
2020-04,ADCGLOA,1.0458,2020-04-28,adcap_fund_nav_reference
2020-05,ADCGLOA,1.0497,2020-05-28,adcap_fund_nav_reference
2020-06,ADCGLOA,1.0536,2020-06-28,adcap_fund_nav_reference
2020-07,ADCGLOA,1.0576,2020-07-28,adcap_fund_nav_reference
2020-08,ADCGLOA,1.0615,2020-08-28,adcap_fund_nav_reference
2020-09,ADCGLOA,1.0654,2020-09-28,adcap_fund_nav_reference
2020-10,ADCGLOA,1.0694,2020-10-28,adcap_fund_nav_reference
2020-11,ADCGLOA,1.0733,2020-11-28,adcap_fund_nav_reference
2020-12,ADCGLOA,1.0773,2020-12-28,adcap_fund_nav_reference
2021-01,ADCGLOA,1.0812,2021-01-28,adcap_fund_nav_reference
2021-02,ADCGLOA,1.0851,2021-02-28,adcap_fund_nav_reference
2021-03,ADCGLOA,1.0891,2021-03-28,adcap_fund_nav_reference
2021-04,ADCGLOA,1.093,2021-04-28,adcap_fund_nav_reference
2021-05,ADCGLOA,1.097,2021-05-28,adcap_fund_nav_reference
2021-06,ADCGLOA,1.1009,2021-06-28,adcap_fund_nav_reference
2021-07,ADCGLOA,1.1048,2021-07-28,adcap_fund_nav_reference
2021-08,ADCGLOA,1.1088,2021-08-28,adcap_fund_nav_reference
2021-09,ADCGLOA,1.1127,2021-09-28,adcap_fund_nav_reference
2021-10,ADCGLOA,1.1166,2021-10-28,adcap_fund_nav_reference
2021-11,ADCGLOA,1.1206,2021-11-28,adcap_fund_nav_reference
2021-12,ADCGLOA,1.1245,2021-12-28,adcap_fund_nav_reference
2022-01,ADCGLOA,1.1285,2022-01-28,adcap_fund_nav_reference
2022-02,ADCGLOA,1.1324,2022-02-28,adcap_fund_nav_reference
2022-03,ADCGLOA,1.1363,2022-03-28,adcap_fund_nav_reference
2022-04,ADCGLOA,1.1403,2022-04-28,adcap_fund_nav_reference
2022-05,ADCGLOA,1.1442,2022-05-28,adcap_fund_nav_reference
2022-06,ADCGLOA,1.1481,2022-06-28,adcap_fund_nav_reference
2022-07,ADCGLOA,1.1521,2022-07-28,adcap_fund_nav_reference
2022-08,ADCGLOA,1.156,2022-08-28,adcap_fund_nav_reference
2022-09,ADCGLOA,1.16,2022-09-28,adcap_fund_nav_reference
2022-10,ADCGLOA,1.1639,2022-10-28,adcap_fund_nav_reference
2022-11,ADCGLOA,1.1678,2022-11-28,adcap_fund_nav_reference
2022-12,ADCGLOA,1.1718,2022-12-28,adcap_fund_nav_reference
2023-01,ADCGLOA,1.1757,2023-01-28,adcap_fund_nav_reference
2023-02,ADCGLOA,1.1797,2023-02-28,adcap_fund_nav_reference
2023-03,ADCGLOA,1.1836,2023-03-28,adcap_fund_nav_reference
2023-04,ADCGLOA,1.1875,2023-04-28,adcap_fund_nav_reference
2023-05,ADCGLOA,1.1915,2023-05-28,adcap_fund_nav_reference
2023-06,ADCGLOA,1.1954,2023-06-28,adcap_fund_nav_reference
2023-07,ADCGLOA,1.1993,2023-07-28,adcap_fund_nav_reference
2023-08,ADCGLOA,1.2033,2023-08-28,adcap_fund_nav_reference
2023-09,ADCGLOA,1.2072,2023-09-28,adcap_fund_nav_reference
2023-10,ADCGLOA,1.2112,2023-10-28,adcap_fund_nav_reference
2023-11,ADCGLOA,1.2151,2023-11-28,adcap_fund_nav_reference
2023-12,ADCGLOA,1.219,2023-12-28,adcap_fund_nav_reference
2024-01,ADCGLOA,1.223,2024-01-28,adcap_fund_nav_reference
2024-02,ADCGLOA,1.2269,2024-02-28,adcap_fund_nav_reference
2024-03,ADCGLOA,1.2309,2024-03-28,adcap_fund_nav_reference
2024-04,ADCGLOA,1.2348,2024-04-28,adcap_fund_nav_reference
2024-05,ADCGLOA,1.2387,2024-05-28,adcap_fund_nav_reference
2024-06,ADCGLOA,1.2427,2024-06-28,adcap_fund_nav_reference
2024-07,ADCGLOA,1.2466,2024-07-28,adcap_fund_nav_reference
2024-08,ADCGLOA,1.2505,2024-08-28,adcap_fund_nav_reference
2024-09,ADCGLOA,1.2545,2024-09-28,adcap_fund_nav_reference
2024-10,ADCGLOA,1.2584,2024-10-28,adcap_fund_nav_reference
2024-11,ADCGLOA,1.2624,2024-11-28,adcap_fund_nav_reference
2024-12,ADCGLOA,1.2663,2024-12-28,adcap_fund_nav_reference
2025-01,ADCGLOA,1.2702,2025-01-28,adcap_fund_nav_reference
2025-02,ADCGLOA,1.2742,2025-02-28,adcap_fund_nav_reference
2025-03,ADCGLOA,1.2781,2025-03-28,adcap_fund_nav_reference
2025-04,ADCGLOA,1.282,2025-04-28,adcap_fund_nav_reference
2025-05,ADCGLOA,1.286,2025-05-28,adcap_fund_nav_reference
2025-06,ADCGLOA,1.2899,2025-06-28,adcap_fund_nav_reference
2025-07,ADCGLOA,1.2939,2025-07-28,adcap_fund_nav_reference
2025-08,ADCGLOA,1.2978,2025-08-28,adcap_fund_nav_reference
2025-09,ADCGLOA,1.3017,2025-09-28,adcap_fund_nav_reference
2025-10,ADCGLOA,1.3057,2025-10-28,adcap_fund_nav_reference
2025-11,ADCGLOA,1.3096,2025-11-28,adcap_fund_nav_reference
2025-12,ADCGLOA,1.3136,2025-12-28,adcap_fund_nav_reference
2026-01,ADCGLOA,1.3175,2026-01-28,adcap_fund_nav_reference
2026-02,ADCGLOA,1.3214,2026-02-28,adcap_fund_nav_reference
2026-03,ADCGLOA,1.3254,2026-03-28,adcap_fund_nav_reference
2026-04,ADCGLOA,1.3293,2026-04-28,adcap_fund_nav_reference
2026-05,ADCGLOA,1.3332,2026-05-28,adcap_fund_nav_reference
2026-06,ADCGLOA,1.3372,2026-06-28,adcap_fund_nav_reference
2026-07,ADCGLOA,1.3411,2026-07-28,adcap_fund_nav_reference
2026-08,ADCGLOA,1.3451,2026-08-28,adcap_fund_nav_reference
2026-09,ADCGLOA,1.349,2026-09-28,adcap_fund_nav_reference
2019-12,AL30D,0.38,2019-12-28,al30_mep_historical_average
2020-01,AL30D,0.38,2020-01-28,al30_mep_historical_average
2020-02,AL30D,0.38,2020-02-28,al30_mep_historical_average
2020-03,AL30D,0.38,2020-03-28,al30_mep_historical_average
2020-04,AL30D,0.38,2020-04-28,al30_mep_historical_average
2020-05,AL30D,0.38,2020-05-28,al30_mep_historical_average
2020-06,AL30D,0.38,2020-06-28,al30_mep_historical_average
2020-07,AL30D,0.38,2020-07-28,al30_mep_historical_average
2020-08,AL30D,0.38,2020-08-28,al30_mep_historical_average
2020-09,AL30D,0.38,2020-09-28,al30_mep_historical_average
2020-10,AL30D,0.38,2020-10-28,al30_mep_historical_average
2020-11,AL30D,0.38,2020-11-28,al30_mep_historical_average
2020-12,AL30D,0.38,2020-12-28,al30_mep_historical_average
2021-01,AL30D,0.38,2021-01-28,al30_mep_historical_average
2021-02,AL30D,0.38,2021-02-28,al30_mep_historical_average
2021-03,AL30D,0.38,2021-03-28,al30_mep_historical_average
2021-04,AL30D,0.38,2021-04-28,al30_mep_historical_average
2021-05,AL30D,0.38,2021-05-28,al30_mep_historical_average
2021-06,AL30D,0.38,2021-06-28,al30_mep_historical_average
2021-07,AL30D,0.38,2021-07-28,al30_mep_historical_average
2021-08,AL30D,0.38,2021-08-28,al30_mep_historical_average
2021-09,AL30D,0.38,2021-09-28,al30_mep_historical_average
2021-10,AL30D,0.38,2021-10-28,al30_mep_historical_average
2021-11,AL30D,0.38,2021-11-28,al30_mep_historical_average
2021-12,AL30D,0.38,2021-12-28,al30_mep_historical_average
2019-12,BTC,9350.5293,2019-12-31,yahoo_finance_monthly
2020-01,BTC,8599.5088,2020-01-31,yahoo_finance_monthly
2020-02,BTC,6438.6445,2020-02-29,yahoo_finance_monthly
2020-03,BTC,8658.5537,2020-03-31,yahoo_finance_monthly
2020-04,BTC,9461.0586,2020-04-30,yahoo_finance_monthly
2020-05,BTC,9137.9932,2020-05-31,yahoo_finance_monthly
2020-06,BTC,11323.4668,2020-06-30,yahoo_finance_monthly
2020-07,BTC,11680.8203,2020-07-31,yahoo_finance_monthly
2020-08,BTC,10784.4912,2020-08-31,yahoo_finance_monthly
2020-09,BTC,13780.9951,2020-09-30,yahoo_finance_monthly
2020-10,BTC,19625.8359,2020-10-31,yahoo_finance_monthly
2020-11,BTC,29001.7207,2020-11-30,yahoo_finance_monthly
2020-12,BTC,33114.3594,2020-12-31,yahoo_finance_monthly
2021-01,BTC,45137.7695,2021-01-31,yahoo_finance_monthly
2021-02,BTC,58918.832,2021-02-28,yahoo_finance_monthly
2021-03,BTC,57750.1758,2021-03-31,yahoo_finance_monthly
2021-04,BTC,37332.8555,2021-04-30,yahoo_finance_monthly
2021-05,BTC,35040.8359,2021-05-31,yahoo_finance_monthly
2021-06,BTC,41626.1953,2021-06-30,yahoo_finance_monthly
2021-07,BTC,47166.6875,2021-07-31,yahoo_finance_monthly
2021-08,BTC,43790.8945,2021-08-31,yahoo_finance_monthly
2021-09,BTC,61318.957,2021-09-30,yahoo_finance_monthly
2021-10,BTC,57005.4258,2021-10-31,yahoo_finance_monthly
2021-11,BTC,46306.4453,2021-11-30,yahoo_finance_monthly
2021-12,BTC,38483.125,2021-12-31,yahoo_finance_monthly
2022-01,BTC,43193.2344,2022-01-31,yahoo_finance_monthly
2022-02,BTC,45538.6758,2022-02-28,yahoo_finance_monthly
2022-03,BTC,37714.875,2022-03-31,yahoo_finance_monthly
2022-04,BTC,31792.3105,2022-04-30,yahoo_finance_monthly
2022-05,BTC,19784.7266,2022-05-31,yahoo_finance_monthly
2022-06,BTC,23336.8965,2022-06-30,yahoo_finance_monthly
2022-07,BTC,20049.7637,2022-07-31,yahoo_finance_monthly
2022-08,BTC,19431.7891,2022-08-31,yahoo_finance_monthly
2022-09,BTC,20495.7734,2022-09-30,yahoo_finance_monthly
2022-10,BTC,17168.5664,2022-10-31,yahoo_finance_monthly
2022-11,BTC,16547.4961,2022-11-30,yahoo_finance_monthly
2022-12,BTC,23139.2832,2022-12-31,yahoo_finance_monthly
2023-01,BTC,23147.3535,2023-01-31,yahoo_finance_monthly
2023-02,BTC,28478.4844,2023-02-28,yahoo_finance_monthly
2023-03,BTC,29268.8066,2023-03-31,yahoo_finance_monthly
2023-04,BTC,27219.6582,2023-04-30,yahoo_finance_monthly
2023-05,BTC,30477.252,2023-05-31,yahoo_finance_monthly
2023-06,BTC,29230.1113,2023-06-30,yahoo_finance_monthly
2023-07,BTC,25931.4727,2023-07-31,yahoo_finance_monthly
2023-08,BTC,26967.916,2023-08-31,yahoo_finance_monthly
2023-09,BTC,34667.7812,2023-09-30,yahoo_finance_monthly
2023-10,BTC,37712.7461,2023-10-31,yahoo_finance_monthly
2023-11,BTC,42265.1875,2023-11-30,yahoo_finance_monthly
2023-12,BTC,42582.6055,2023-12-31,yahoo_finance_monthly
2024-01,BTC,61198.3828,2024-01-31,yahoo_finance_monthly
2024-02,BTC,71333.6484,2024-02-29,yahoo_finance_monthly
2024-03,BTC,60636.8555,2024-03-31,yahoo_finance_monthly
2024-04,BTC,67491.4141,2024-04-30,yahoo_finance_monthly
2024-05,BTC,62678.293,2024-05-31,yahoo_finance_monthly
2024-06,BTC,64619.25,2024-06-30,yahoo_finance_monthly
2024-07,BTC,58969.8984,2024-07-31,yahoo_finance_monthly
2024-08,BTC,63329.5,2024-08-31,yahoo_finance_monthly
2024-09,BTC,70215.1875,2024-09-30,yahoo_finance_monthly
2024-10,BTC,96449.0547,2024-10-31,yahoo_finance_monthly
2024-11,BTC,93429.2031,2024-11-30,yahoo_finance_monthly
2024-12,BTC,102405.0234,2024-12-31,yahoo_finance_monthly
2025-01,BTC,84373.0078,2025-01-31,yahoo_finance_monthly
2025-02,BTC,82548.9141,2025-02-28,yahoo_finance_monthly
2025-03,BTC,94207.3125,2025-03-31,yahoo_finance_monthly
2025-04,BTC,104638.0938,2025-04-30,yahoo_finance_monthly
2025-05,BTC,107135.3359,2025-05-31,yahoo_finance_monthly
2025-06,BTC,115758.2031,2025-06-30,yahoo_finance_monthly
2025-07,BTC,108236.7109,2025-07-31,yahoo_finance_monthly
2025-08,BTC,114056.0859,2025-08-31,yahoo_finance_monthly
2025-09,BTC,109556.1641,2025-09-30,yahoo_finance_monthly
2025-10,BTC,90394.3125,2025-10-31,yahoo_finance_monthly
2025-11,BTC,87508.8281,2025-11-30,yahoo_finance_monthly
2025-12,BTC,78621.1172,2025-12-31,yahoo_finance_monthly
2026-01,BTC,66995.8594,2026-01-31,yahoo_finance_monthly
2026-02,BTC,68233.3125,2026-02-28,yahoo_finance_monthly
2026-03,BTC,76304.3203,2026-03-31,yahoo_finance_monthly
2026-04,BTC,73579.6875,2026-04-30,yahoo_finance_monthly
2026-05,BTC,58558.8594,2026-05-31,yahoo_finance_monthly
2026-06,BTC,62813.7461,2026-06-30,yahoo_finance_monthly
2026-07,BTC,78548.6328,2026-07-31,yahoo_finance_monthly
2026-08,BTC,76150.3203,2026-08-31,yahoo_finance_monthly
2026-09,BTC,76583.6484,2026-09-17,yahoo_finance_monthly
2019-12,ETH,180.1602,2019-12-31,yahoo_finance_monthly
2020-01,ETH,219.8485,2020-01-31,yahoo_finance_monthly
2020-02,ETH,133.5936,2020-02-29,yahoo_finance_monthly
2020-03,ETH,207.6021,2020-03-31,yahoo_finance_monthly
2020-04,ETH,230.9757,2020-04-30,yahoo_finance_monthly
2020-05,ETH,226.315,2020-05-31,yahoo_finance_monthly
2020-06,ETH,345.5547,2020-06-30,yahoo_finance_monthly
2020-07,ETH,435.0797,2020-07-31,yahoo_finance_monthly
2020-08,ETH,359.9379,2020-08-31,yahoo_finance_monthly
2020-09,ETH,386.5903,2020-09-30,yahoo_finance_monthly
2020-10,ETH,614.8425,2020-10-31,yahoo_finance_monthly
2020-11,ETH,737.8034,2020-11-30,yahoo_finance_monthly
2020-12,ETH,1314.9862,2020-12-31,yahoo_finance_monthly
2021-01,ETH,1416.049,2021-01-31,yahoo_finance_monthly
2021-02,ETH,1918.3621,2021-02-28,yahoo_finance_monthly
2021-03,ETH,2773.207,2021-03-31,yahoo_finance_monthly
2021-04,ETH,2714.9453,2021-04-30,yahoo_finance_monthly
2021-05,ETH,2274.5476,2021-05-31,yahoo_finance_monthly
2021-06,ETH,2536.21,2021-06-30,yahoo_finance_monthly
2021-07,ETH,3433.7327,2021-07-31,yahoo_finance_monthly
2021-08,ETH,3001.679,2021-08-31,yahoo_finance_monthly
2021-09,ETH,4288.0742,2021-09-30,yahoo_finance_monthly
2021-10,ETH,4631.479,2021-10-31,yahoo_finance_monthly
2021-11,ETH,3682.6328,2021-11-30,yahoo_finance_monthly
2021-12,ETH,2688.2788,2021-12-31,yahoo_finance_monthly
2022-01,ETH,2919.2012,2022-01-31,yahoo_finance_monthly
2022-02,ETH,3281.6428,2022-02-28,yahoo_finance_monthly
2022-03,ETH,2730.1868,2022-03-31,yahoo_finance_monthly
2022-04,ETH,1942.328,2022-04-30,yahoo_finance_monthly
2022-05,ETH,1067.2988,2022-05-31,yahoo_finance_monthly
2022-06,ETH,1681.5173,2022-06-30,yahoo_finance_monthly
2022-07,ETH,1553.6849,2022-07-31,yahoo_finance_monthly
2022-08,ETH,1327.9786,2022-08-31,yahoo_finance_monthly
2022-09,ETH,1572.7145,2022-09-30,yahoo_finance_monthly
2022-10,ETH,1295.6886,2022-10-31,yahoo_finance_monthly
2022-11,ETH,1196.7712,2022-11-30,yahoo_finance_monthly
2022-12,ETH,1586.5354,2022-12-31,yahoo_finance_monthly
2023-01,ETH,1605.8951,2023-01-31,yahoo_finance_monthly
2023-02,ETH,1822.0221,2023-02-28,yahoo_finance_monthly
2023-03,ETH,1876.9243,2023-03-31,yahoo_finance_monthly
2023-04,ETH,1874.1305,2023-04-30,yahoo_finance_monthly
2023-05,ETH,1933.189,2023-05-31,yahoo_finance_monthly
2023-06,ETH,1856.1624,2023-06-30,yahoo_finance_monthly
2023-07,ETH,1645.6392,2023-07-31,yahoo_finance_monthly
2023-08,ETH,1671.1619,2023-08-31,yahoo_finance_monthly
2023-09,ETH,1816.459,2023-09-30,yahoo_finance_monthly
2023-10,ETH,2052.5562,2023-10-31,yahoo_finance_monthly
2023-11,ETH,2281.4712,2023-11-30,yahoo_finance_monthly
2023-12,ETH,2282.5444,2023-12-31,yahoo_finance_monthly
2024-01,ETH,3341.9197,2024-01-31,yahoo_finance_monthly
2024-02,ETH,3647.8564,2024-02-29,yahoo_finance_monthly
2024-03,ETH,3012.2869,2024-03-31,yahoo_finance_monthly
2024-04,ETH,3760.0266,2024-04-30,yahoo_finance_monthly
2024-05,ETH,3432.8892,2024-05-31,yahoo_finance_monthly
2024-06,ETH,3231.2957,2024-06-30,yahoo_finance_monthly
2024-07,ETH,2513.3938,2024-07-31,yahoo_finance_monthly
2024-08,ETH,2603.0627,2024-08-31,yahoo_finance_monthly
2024-09,ETH,2515.7993,2024-09-30,yahoo_finance_monthly
2024-10,ETH,3705.7053,2024-10-31,yahoo_finance_monthly
2024-11,ETH,3332.5317,2024-11-30,yahoo_finance_monthly
2024-12,ETH,3298.2651,2024-12-31,yahoo_finance_monthly
2025-01,ETH,2237.9053,2025-01-31,yahoo_finance_monthly
2025-02,ETH,1823.48,2025-02-28,yahoo_finance_monthly
2025-03,ETH,1793.7754,2025-03-31,yahoo_finance_monthly
2025-04,ETH,2529.0874,2025-04-30,yahoo_finance_monthly
2025-05,ETH,2486.4644,2025-05-31,yahoo_finance_monthly
2025-06,ETH,3696.7078,2025-06-30,yahoo_finance_monthly
2025-07,ETH,4390.019,2025-07-31,yahoo_finance_monthly
2025-08,ETH,4145.9575,2025-08-31,yahoo_finance_monthly
2025-09,ETH,3847.0803,2025-09-30,yahoo_finance_monthly
2025-10,ETH,2992.1125,2025-10-31,yahoo_finance_monthly
2025-11,ETH,2967.0376,2025-11-30,yahoo_finance_monthly
2025-12,ETH,2445.0918,2025-12-31,yahoo_finance_monthly
2026-01,ETH,1965.0505,2026-01-31,yahoo_finance_monthly
2026-02,ETH,2104.7083,2026-02-28,yahoo_finance_monthly
2026-03,ETH,2256.2512,2026-03-31,yahoo_finance_monthly
2026-04,ETH,2004.3416,2026-04-30,yahoo_finance_monthly
2026-05,ETH,1569.5839,2026-05-31,yahoo_finance_monthly
2026-06,ETH,1860.3459,2026-06-30,yahoo_finance_monthly
2026-07,ETH,2466.8203,2026-07-31,yahoo_finance_monthly
2026-08,ETH,2416.1199,2026-08-31,yahoo_finance_monthly
2026-09,ETH,2457.99,2026-09-17,yahoo_finance_monthly
2020-01,GOOGL,1432.78,2020-01-01,yahoo_finance_monthly
2020-02,GOOGL,1339.25,2020-02-01,yahoo_finance_monthly
2020-03,GOOGL,1161.95,2020-03-01,yahoo_finance_monthly
2020-04,GOOGL,1346.7,2020-04-01,yahoo_finance_monthly
2020-05,GOOGL,1433.5201,2020-05-01,yahoo_finance_monthly
2020-06,GOOGL,1418.0499,2020-06-01,yahoo_finance_monthly
2020-07,GOOGL,1487.95,2020-07-01,yahoo_finance_monthly
2020-08,GOOGL,1629.53,2020-08-01,yahoo_finance_monthly
2020-09,GOOGL,1465.6,2020-09-01,yahoo_finance_monthly
2020-10,GOOGL,1616.1099,2020-10-01,yahoo_finance_monthly
2020-11,GOOGL,1754.4,2020-11-01,yahoo_finance_monthly
2020-12,GOOGL,1752.6401,2020-12-01,yahoo_finance_monthly
2021-01,GOOGL,1827.3599,2021-01-01,yahoo_finance_monthly
2021-02,GOOGL,2021.9099,2021-02-01,yahoo_finance_monthly
2021-03,GOOGL,2062.52,2021-03-01,yahoo_finance_monthly
2021-04,GOOGL,2353.5001,2021-04-01,yahoo_finance_monthly
2021-05,GOOGL,2356.85,2021-05-01,yahoo_finance_monthly
2021-06,GOOGL,2441.79,2021-06-01,yahoo_finance_monthly
2021-07,GOOGL,2694.53,2021-07-01,yahoo_finance_monthly
2021-08,GOOGL,2893.9499,2021-08-01,yahoo_finance_monthly
2021-09,GOOGL,2673.5199,2021-09-01,yahoo_finance_monthly
2021-10,GOOGL,2960.9201,2021-10-01,yahoo_finance_monthly
2021-11,GOOGL,2837.9501,2021-11-01,yahoo_finance_monthly
2021-12,GOOGL,2897.0401,2021-12-01,yahoo_finance_monthly
2022-01,GOOGL,2706.0699,2022-01-01,yahoo_finance_monthly
2022-02,GOOGL,2701.1401,2022-02-01,yahoo_finance_monthly
2022-03,GOOGL,2781.3501,2022-03-01,yahoo_finance_monthly
2022-04,GOOGL,2282.1899,2022-04-01,yahoo_finance_monthly
2022-05,GOOGL,2275.24,2022-05-01,yahoo_finance_monthly
2022-06,GOOGL,2179.2599,2022-06-01,yahoo_finance_monthly
2022-07,GOOGL,2326.4,2022-07-01,yahoo_finance_monthly
2022-08,GOOGL,108.22,2022-08-01,yahoo_finance_monthly
2022-09,GOOGL,95.65,2022-09-01,yahoo_finance_monthly
2022-10,GOOGL,94.51,2022-10-01,yahoo_finance_monthly
2022-11,GOOGL,100.99,2022-11-01,yahoo_finance_monthly
2022-12,GOOGL,88.23,2022-12-01,yahoo_finance_monthly
2023-01,GOOGL,98.84,2023-01-01,yahoo_finance_monthly
2023-02,GOOGL,90.06,2023-02-01,yahoo_finance_monthly
2023-03,GOOGL,103.73,2023-03-01,yahoo_finance_monthly
2023-04,GOOGL,107.34,2023-04-01,yahoo_finance_monthly
2023-05,GOOGL,122.87,2023-05-01,yahoo_finance_monthly
2023-06,GOOGL,119.7,2023-06-01,yahoo_finance_monthly
2023-07,GOOGL,132.72,2023-07-01,yahoo_finance_monthly
2023-08,GOOGL,136.17,2023-08-01,yahoo_finance_monthly
2023-09,GOOGL,130.86,2023-09-01,yahoo_finance_monthly
2023-10,GOOGL,124.08,2023-10-01,yahoo_finance_monthly
2023-11,GOOGL,132.53,2023-11-01,yahoo_finance_monthly
2023-12,GOOGL,139.69,2023-12-01,yahoo_finance_monthly
2024-01,GOOGL,140.1,2024-01-01,yahoo_finance_monthly
2024-02,GOOGL,138.46,2024-02-01,yahoo_finance_monthly
2024-03,GOOGL,150.93,2024-03-01,yahoo_finance_monthly
2024-04,GOOGL,162.78,2024-04-01,yahoo_finance_monthly
2024-05,GOOGL,172.5,2024-05-01,yahoo_finance_monthly
2024-06,GOOGL,182.15,2024-06-01,yahoo_finance_monthly
2024-07,GOOGL,171.54,2024-07-01,yahoo_finance_monthly
2024-08,GOOGL,163.38,2024-08-01,yahoo_finance_monthly
2024-09,GOOGL,165.85,2024-09-01,yahoo_finance_monthly
2024-10,GOOGL,171.11,2024-10-01,yahoo_finance_monthly
2024-11,GOOGL,168.95,2024-11-01,yahoo_finance_monthly
2024-12,GOOGL,189.3,2024-12-01,yahoo_finance_monthly
2025-01,GOOGL,204.02,2025-01-01,yahoo_finance_monthly
2025-02,GOOGL,170.28,2025-02-01,yahoo_finance_monthly
2025-03,GOOGL,154.64,2025-03-01,yahoo_finance_monthly
2025-04,GOOGL,158.8,2025-04-01,yahoo_finance_monthly
2025-05,GOOGL,171.74,2025-05-01,yahoo_finance_monthly
2025-06,GOOGL,176.23,2025-06-01,yahoo_finance_monthly
2025-07,GOOGL,191.9,2025-07-01,yahoo_finance_monthly
2025-08,GOOGL,212.91,2025-08-01,yahoo_finance_monthly
2025-09,GOOGL,243.1,2025-09-01,yahoo_finance_monthly
2025-10,GOOGL,281.19,2025-10-01,yahoo_finance_monthly
2025-11,GOOGL,320.18,2025-11-01,yahoo_finance_monthly
2025-12,GOOGL,313.0,2025-12-01,yahoo_finance_monthly
2026-01,GOOGL,338.0,2026-01-01,yahoo_finance_monthly
2026-02,GOOGL,311.76,2026-02-01,yahoo_finance_monthly
2026-03,GOOGL,287.56,2026-03-01,yahoo_finance_monthly
2026-04,GOOGL,384.8,2026-04-01,yahoo_finance_monthly
2026-05,GOOGL,380.34,2026-05-01,yahoo_finance_monthly
2026-06,GOOGL,357.37,2026-06-01,yahoo_finance_monthly
2026-07,GOOGL,356.13,2026-07-01,yahoo_finance_monthly
2026-08,GOOGL,339.35,2026-08-01,yahoo_finance_monthly
2026-09,GOOGL,6.219,2026-09-17,audited_snapshot
2020-01,SCHB,38.405,2020-01-01,yahoo_finance_monthly
2020-02,SCHB,35.29,2020-02-01,yahoo_finance_monthly
2020-03,SCHB,30.215,2020-03-01,yahoo_finance_monthly
2020-04,SCHB,34.24,2020-04-01,yahoo_finance_monthly
2020-05,SCHB,36.075,2020-05-01,yahoo_finance_monthly
2020-06,SCHB,36.735,2020-06-01,yahoo_finance_monthly
2020-07,SCHB,38.84,2020-07-01,yahoo_finance_monthly
2020-08,SCHB,41.635,2020-08-01,yahoo_finance_monthly
2020-09,SCHB,39.82,2020-09-01,yahoo_finance_monthly
2020-10,SCHB,39.03,2020-10-01,yahoo_finance_monthly
2020-11,SCHB,43.79,2020-11-01,yahoo_finance_monthly
2020-12,SCHB,45.495,2020-12-01,yahoo_finance_monthly
2021-01,SCHB,45.31,2021-01-01,yahoo_finance_monthly
2021-02,SCHB,46.75,2021-02-01,yahoo_finance_monthly
2021-03,SCHB,48.355,2021-03-01,yahoo_finance_monthly
2021-04,SCHB,50.81,2021-04-01,yahoo_finance_monthly
2021-05,SCHB,51.01,2021-05-01,yahoo_finance_monthly
2021-06,SCHB,52.135,2021-06-01,yahoo_finance_monthly
2021-07,SCHB,53.07,2021-07-01,yahoo_finance_monthly
2021-08,SCHB,54.575,2021-08-01,yahoo_finance_monthly
2021-09,SCHB,51.93,2021-09-01,yahoo_finance_monthly
2021-10,SCHB,55.45,2021-10-01,yahoo_finance_monthly
2021-11,SCHB,54.65,2021-11-01,yahoo_finance_monthly
2021-12,SCHB,56.505,2021-12-01,yahoo_finance_monthly
2022-01,SCHB,53.075,2022-01-01,yahoo_finance_monthly
2022-02,SCHB,51.78,2022-02-01,yahoo_finance_monthly
2022-03,SCHB,53.39,2022-03-01,yahoo_finance_monthly
2022-04,SCHB,48.49,2022-04-01,yahoo_finance_monthly
2022-05,SCHB,48.42,2022-05-01,yahoo_finance_monthly
2022-06,SCHB,44.19,2022-06-01,yahoo_finance_monthly
2022-07,SCHB,48.33,2022-07-01,yahoo_finance_monthly
2022-08,SCHB,46.47,2022-08-01,yahoo_finance_monthly
2022-09,SCHB,41.99,2022-09-01,yahoo_finance_monthly
2022-10,SCHB,45.4,2022-10-01,yahoo_finance_monthly
2022-11,SCHB,47.78,2022-11-01,yahoo_finance_monthly
2022-12,SCHB,44.81,2022-12-01,yahoo_finance_monthly
2023-01,SCHB,47.89,2023-01-01,yahoo_finance_monthly
2023-02,SCHB,46.79,2023-02-01,yahoo_finance_monthly
2023-03,SCHB,47.85,2023-03-01,yahoo_finance_monthly
2023-04,SCHB,48.36,2023-04-01,yahoo_finance_monthly
2023-05,SCHB,48.61,2023-05-01,yahoo_finance_monthly
2023-06,SCHB,51.7,2023-06-01,yahoo_finance_monthly
2023-07,SCHB,53.57,2023-07-01,yahoo_finance_monthly
2023-08,SCHB,52.54,2023-08-01,yahoo_finance_monthly
2023-09,SCHB,49.85,2023-09-01,yahoo_finance_monthly
2023-10,SCHB,48.5,2023-10-01,yahoo_finance_monthly
2023-11,SCHB,53.07,2023-11-01,yahoo_finance_monthly
2023-12,SCHB,55.67,2023-12-01,yahoo_finance_monthly
2024-01,SCHB,56.28,2024-01-01,yahoo_finance_monthly
2024-02,SCHB,59.31,2024-02-01,yahoo_finance_monthly
2024-03,SCHB,61.05,2024-03-01,yahoo_finance_monthly
2024-04,SCHB,58.4,2024-04-01,yahoo_finance_monthly
2024-05,SCHB,61.19,2024-05-01,yahoo_finance_monthly
2024-06,SCHB,62.87,2024-06-01,yahoo_finance_monthly
2024-07,SCHB,64.02,2024-07-01,yahoo_finance_monthly
2024-08,SCHB,65.36,2024-08-01,yahoo_finance_monthly
2024-09,SCHB,66.52,2024-09-01,yahoo_finance_monthly
2024-10,SCHB,22.01,2024-10-01,yahoo_finance_monthly
2024-11,SCHB,23.49,2024-11-01,yahoo_finance_monthly
2024-12,SCHB,22.7,2024-12-01,yahoo_finance_monthly
2025-01,SCHB,23.36,2025-01-01,yahoo_finance_monthly
2025-02,SCHB,22.92,2025-02-01,yahoo_finance_monthly
2025-03,SCHB,21.53,2025-03-01,yahoo_finance_monthly
2025-04,SCHB,21.35,2025-04-01,yahoo_finance_monthly
2025-05,SCHB,22.72,2025-05-01,yahoo_finance_monthly
2025-06,SCHB,23.83,2025-06-01,yahoo_finance_monthly
2025-07,SCHB,24.37,2025-07-01,yahoo_finance_monthly
2025-08,SCHB,24.94,2025-08-01,yahoo_finance_monthly
2025-09,SCHB,25.71,2025-09-01,yahoo_finance_monthly
2025-10,SCHB,26.28,2025-10-01,yahoo_finance_monthly
2025-11,SCHB,26.32,2025-11-01,yahoo_finance_monthly
2025-12,SCHB,26.23,2025-12-01,yahoo_finance_monthly
2026-01,SCHB,26.65,2026-01-01,yahoo_finance_monthly
2026-02,SCHB,26.49,2026-02-01,yahoo_finance_monthly
2026-03,SCHB,25.1,2026-03-01,yahoo_finance_monthly
2026-04,SCHB,27.73,2026-04-01,yahoo_finance_monthly
2026-05,SCHB,29.17,2026-05-01,yahoo_finance_monthly
2026-06,SCHB,28.96,2026-06-01,yahoo_finance_monthly
2026-07,SCHB,28.85,2026-07-01,yahoo_finance_monthly
2026-08,SCHB,29.6,2026-08-01,yahoo_finance_monthly
2026-09,SCHB,29.315,2026-09-17,audited_snapshot
2020-01,SCHF,32.67,2020-01-01,yahoo_finance_monthly
2020-02,SCHF,30.26,2020-02-01,yahoo_finance_monthly
2020-03,SCHF,25.84,2020-03-01,yahoo_finance_monthly
2020-04,SCHF,27.45,2020-04-01,yahoo_finance_monthly
2020-05,SCHF,28.92,2020-05-01,yahoo_finance_monthly
2020-06,SCHF,29.75,2020-06-01,yahoo_finance_monthly
2020-07,SCHF,30.47,2020-07-01,yahoo_finance_monthly
2020-08,SCHF,31.97,2020-08-01,yahoo_finance_monthly
2020-09,SCHF,31.4,2020-09-01,yahoo_finance_monthly
2020-10,SCHF,30.32,2020-10-01,yahoo_finance_monthly
2020-11,SCHF,34.62,2020-11-01,yahoo_finance_monthly
2020-12,SCHF,36.01,2020-12-01,yahoo_finance_monthly
2021-01,SCHF,35.74,2021-01-01,yahoo_finance_monthly
2021-02,SCHF,36.62,2021-02-01,yahoo_finance_monthly
2021-03,SCHF,37.62,2021-03-01,yahoo_finance_monthly
2021-04,SCHF,38.74,2021-04-01,yahoo_finance_monthly
2021-05,SCHF,40.13,2021-05-01,yahoo_finance_monthly
2021-06,SCHF,39.45,2021-06-01,yahoo_finance_monthly
2021-07,SCHF,39.58,2021-07-01,yahoo_finance_monthly
2021-08,SCHF,40.05,2021-08-01,yahoo_finance_monthly
2021-09,SCHF,38.7,2021-09-01,yahoo_finance_monthly
2021-10,SCHF,39.96,2021-10-01,yahoo_finance_monthly
2021-11,SCHF,38.18,2021-11-01,yahoo_finance_monthly
2021-12,SCHF,38.87,2021-12-01,yahoo_finance_monthly
2022-01,SCHF,37.54,2022-01-01,yahoo_finance_monthly
2022-02,SCHF,36.49,2022-02-01,yahoo_finance_monthly
2022-03,SCHF,36.72,2022-03-01,yahoo_finance_monthly
2022-04,SCHF,34.21,2022-04-01,yahoo_finance_monthly
2022-05,SCHF,34.87,2022-05-01,yahoo_finance_monthly
2022-06,SCHF,31.45,2022-06-01,yahoo_finance_monthly
2022-07,SCHF,33.06,2022-07-01,yahoo_finance_monthly
2022-08,SCHF,31.13,2022-08-01,yahoo_finance_monthly
2022-09,SCHF,28.13,2022-09-01,yahoo_finance_monthly
2022-10,SCHF,29.79,2022-10-01,yahoo_finance_monthly
2022-11,SCHF,33.58,2022-11-01,yahoo_finance_monthly
2022-12,SCHF,32.21,2022-12-01,yahoo_finance_monthly
2023-01,SCHF,35.12,2023-01-01,yahoo_finance_monthly
2023-02,SCHF,33.92,2023-02-01,yahoo_finance_monthly
2023-03,SCHF,34.8,2023-03-01,yahoo_finance_monthly
2023-04,SCHF,35.76,2023-04-01,yahoo_finance_monthly
2023-05,SCHF,34.48,2023-05-01,yahoo_finance_monthly
2023-06,SCHF,35.65,2023-06-01,yahoo_finance_monthly
2023-07,SCHF,36.71,2023-07-01,yahoo_finance_monthly
2023-08,SCHF,35.27,2023-08-01,yahoo_finance_monthly
2023-09,SCHF,33.96,2023-09-01,yahoo_finance_monthly
2023-10,SCHF,32.88,2023-10-01,yahoo_finance_monthly
2023-11,SCHF,35.71,2023-11-01,yahoo_finance_monthly
2023-12,SCHF,36.96,2023-12-01,yahoo_finance_monthly
2024-01,SCHF,36.61,2024-01-01,yahoo_finance_monthly
2024-02,SCHF,37.71,2024-02-01,yahoo_finance_monthly
2024-03,SCHF,39.02,2024-03-01,yahoo_finance_monthly
2024-04,SCHF,37.67,2024-04-01,yahoo_finance_monthly
2024-05,SCHF,39.41,2024-05-01,yahoo_finance_monthly
2024-06,SCHF,38.42,2024-06-01,yahoo_finance_monthly
2024-07,SCHF,39.52,2024-07-01,yahoo_finance_monthly
2024-08,SCHF,40.77,2024-08-01,yahoo_finance_monthly
2024-09,SCHF,41.12,2024-09-01,yahoo_finance_monthly
2024-10,SCHF,19.53,2024-10-01,yahoo_finance_monthly
2024-11,SCHF,19.61,2024-11-01,yahoo_finance_monthly
2024-12,SCHF,18.5,2024-12-01,yahoo_finance_monthly
2025-01,SCHF,19.32,2025-01-01,yahoo_finance_monthly
2025-02,SCHF,19.79,2025-02-01,yahoo_finance_monthly
2025-03,SCHF,19.78,2025-03-01,yahoo_finance_monthly
2025-04,SCHF,20.55,2025-04-01,yahoo_finance_monthly
2025-05,SCHF,21.57,2025-05-01,yahoo_finance_monthly
2025-06,SCHF,22.1,2025-06-01,yahoo_finance_monthly
2025-07,SCHF,21.79,2025-07-01,yahoo_finance_monthly
2025-08,SCHF,22.71,2025-08-01,yahoo_finance_monthly
2025-09,SCHF,23.28,2025-09-01,yahoo_finance_monthly
2025-10,SCHF,23.76,2025-10-01,yahoo_finance_monthly
2025-11,SCHF,24.0,2025-11-01,yahoo_finance_monthly
2025-12,SCHF,24.04,2025-12-01,yahoo_finance_monthly
2026-01,SCHF,25.44,2026-01-01,yahoo_finance_monthly
2026-02,SCHF,27.03,2026-02-01,yahoo_finance_monthly
2026-03,SCHF,24.75,2026-03-01,yahoo_finance_monthly
2026-04,SCHF,26.56,2026-04-01,yahoo_finance_monthly
2026-05,SCHF,27.77,2026-05-01,yahoo_finance_monthly
2026-06,SCHF,27.7,2026-06-01,yahoo_finance_monthly
2026-07,SCHF,27.43,2026-07-01,yahoo_finance_monthly
2026-08,SCHF,28.22,2026-08-01,yahoo_finance_monthly
2026-09,SCHF,28.015,2026-09-17,audited_snapshot
2020-01,SCHZ,54.5,2020-01-01,yahoo_finance_monthly
2020-02,SCHZ,55.19,2020-02-01,yahoo_finance_monthly
2020-03,SCHZ,54.27,2020-03-01,yahoo_finance_monthly
2020-04,SCHZ,55.78,2020-04-01,yahoo_finance_monthly
2020-05,SCHZ,55.99,2020-05-01,yahoo_finance_monthly
2020-06,SCHZ,56.24,2020-06-01,yahoo_finance_monthly
2020-07,SCHZ,56.9,2020-07-01,yahoo_finance_monthly
2020-08,SCHZ,56.29,2020-08-01,yahoo_finance_monthly
2020-09,SCHZ,56.08,2020-09-01,yahoo_finance_monthly
2020-10,SCHZ,55.63,2020-10-01,yahoo_finance_monthly
2020-11,SCHZ,56.23,2020-11-01,yahoo_finance_monthly
2020-12,SCHZ,56.03,2020-12-01,yahoo_finance_monthly
2021-01,SCHZ,55.65,2021-01-01,yahoo_finance_monthly
2021-02,SCHZ,54.69,2021-02-01,yahoo_finance_monthly
2021-03,SCHZ,53.95,2021-03-01,yahoo_finance_monthly
2021-04,SCHZ,54.27,2021-04-01,yahoo_finance_monthly
2021-05,SCHZ,54.25,2021-05-01,yahoo_finance_monthly
2021-06,SCHZ,54.6,2021-06-01,yahoo_finance_monthly
2021-07,SCHZ,55.09,2021-07-01,yahoo_finance_monthly
2021-08,SCHZ,54.92,2021-08-01,yahoo_finance_monthly
2021-09,SCHZ,54.26,2021-09-01,yahoo_finance_monthly
2021-10,SCHZ,54.2,2021-10-01,yahoo_finance_monthly
2021-11,SCHZ,54.22,2021-11-01,yahoo_finance_monthly
2021-12,SCHZ,53.9,2021-12-01,yahoo_finance_monthly
2022-01,SCHZ,52.72,2022-01-01,yahoo_finance_monthly
2022-02,SCHZ,52.08,2022-02-01,yahoo_finance_monthly
2022-03,SCHZ,50.57,2022-03-01,yahoo_finance_monthly
2022-04,SCHZ,48.47,2022-04-01,yahoo_finance_monthly
2022-05,SCHZ,48.74,2022-05-01,yahoo_finance_monthly
2022-06,SCHZ,47.87,2022-06-01,yahoo_finance_monthly
2022-07,SCHZ,49.05,2022-07-01,yahoo_finance_monthly
2022-08,SCHZ,47.43,2022-08-01,yahoo_finance_monthly
2022-09,SCHZ,45.31,2022-09-01,yahoo_finance_monthly
2022-10,SCHZ,44.69,2022-10-01,yahoo_finance_monthly
2022-11,SCHZ,46.25,2022-11-01,yahoo_finance_monthly
2022-12,SCHZ,45.65,2022-12-01,yahoo_finance_monthly
2023-01,SCHZ,47.25,2023-01-01,yahoo_finance_monthly
2023-02,SCHZ,45.84,2023-02-01,yahoo_finance_monthly
2023-03,SCHZ,46.91,2023-03-01,yahoo_finance_monthly
2023-04,SCHZ,47.06,2023-04-01,yahoo_finance_monthly
2023-05,SCHZ,46.38,2023-05-01,yahoo_finance_monthly
2023-06,SCHZ,46.16,2023-06-01,yahoo_finance_monthly
2023-07,SCHZ,45.96,2023-07-01,yahoo_finance_monthly
2023-08,SCHZ,45.54,2023-08-01,yahoo_finance_monthly
2023-09,SCHZ,44.23,2023-09-01,yahoo_finance_monthly
2023-10,SCHZ,43.41,2023-10-01,yahoo_finance_monthly
2023-11,SCHZ,45.25,2023-11-01,yahoo_finance_monthly
2023-12,SCHZ,46.62,2023-12-01,yahoo_finance_monthly
2024-01,SCHZ,46.6,2024-01-01,yahoo_finance_monthly
2024-02,SCHZ,45.78,2024-02-01,yahoo_finance_monthly
2024-03,SCHZ,46.0,2024-03-01,yahoo_finance_monthly
2024-04,SCHZ,44.67,2024-04-01,yahoo_finance_monthly
2024-05,SCHZ,45.34,2024-05-01,yahoo_finance_monthly
2024-06,SCHZ,45.58,2024-06-01,yahoo_finance_monthly
2024-07,SCHZ,46.52,2024-07-01,yahoo_finance_monthly
2024-08,SCHZ,47.04,2024-08-01,yahoo_finance_monthly
2024-09,SCHZ,47.52,2024-09-01,yahoo_finance_monthly
2024-10,SCHZ,23.09,2024-10-01,yahoo_finance_monthly
2024-11,SCHZ,23.27,2024-11-01,yahoo_finance_monthly
2024-12,SCHZ,22.7,2024-12-01,yahoo_finance_monthly
2025-01,SCHZ,22.83,2025-01-01,yahoo_finance_monthly
2025-02,SCHZ,23.26,2025-02-01,yahoo_finance_monthly
2025-03,SCHZ,23.16,2025-03-01,yahoo_finance_monthly
2025-04,SCHZ,23.2,2025-04-01,yahoo_finance_monthly
2025-05,SCHZ,22.96,2025-05-01,yahoo_finance_monthly
2025-06,SCHZ,23.24,2025-06-01,yahoo_finance_monthly
2025-07,SCHZ,23.1,2025-07-01,yahoo_finance_monthly
2025-08,SCHZ,23.29,2025-08-01,yahoo_finance_monthly
2025-09,SCHZ,23.47,2025-09-01,yahoo_finance_monthly
2025-10,SCHZ,23.53,2025-10-01,yahoo_finance_monthly
2025-11,SCHZ,23.58,2025-11-01,yahoo_finance_monthly
2025-12,SCHZ,23.37,2025-12-01,yahoo_finance_monthly
2026-01,SCHZ,23.45,2026-01-01,yahoo_finance_monthly
2026-02,SCHZ,23.71,2026-02-01,yahoo_finance_monthly
2026-03,SCHZ,23.22,2026-03-01,yahoo_finance_monthly
2026-04,SCHZ,23.19,2026-04-01,yahoo_finance_monthly
2026-05,SCHZ,23.17,2026-05-01,yahoo_finance_monthly
2026-06,SCHZ,23.13,2026-06-01,yahoo_finance_monthly
2026-07,SCHZ,22.76,2026-07-01,yahoo_finance_monthly
2026-08,SCHZ,22.77,2026-08-01,yahoo_finance_monthly
2026-09,SCHZ,22.4776,2026-09-17,audited_snapshot
2020-01,SPY,321.73,2020-01-01,yahoo_finance_monthly
2020-02,SPY,296.26,2020-02-01,yahoo_finance_monthly
2020-03,SPY,257.75,2020-03-01,yahoo_finance_monthly
2020-04,SPY,290.48,2020-04-01,yahoo_finance_monthly
2020-05,SPY,304.32,2020-05-01,yahoo_finance_monthly
2020-06,SPY,308.36,2020-06-01,yahoo_finance_monthly
2020-07,SPY,326.52,2020-07-01,yahoo_finance_monthly
2020-08,SPY,349.31,2020-08-01,yahoo_finance_monthly
2020-09,SPY,334.89,2020-09-01,yahoo_finance_monthly
2020-10,SPY,326.54,2020-10-01,yahoo_finance_monthly
2020-11,SPY,362.06,2020-11-01,yahoo_finance_monthly
2020-12,SPY,373.88,2020-12-01,yahoo_finance_monthly
2021-01,SPY,370.07,2021-01-01,yahoo_finance_monthly
2021-02,SPY,380.36,2021-02-01,yahoo_finance_monthly
2021-03,SPY,396.33,2021-03-01,yahoo_finance_monthly
2021-04,SPY,417.3,2021-04-01,yahoo_finance_monthly
2021-05,SPY,420.04,2021-05-01,yahoo_finance_monthly
2021-06,SPY,428.06,2021-06-01,yahoo_finance_monthly
2021-07,SPY,438.51,2021-07-01,yahoo_finance_monthly
2021-08,SPY,451.56,2021-08-01,yahoo_finance_monthly
2021-09,SPY,429.14,2021-09-01,yahoo_finance_monthly
2021-10,SPY,459.25,2021-10-01,yahoo_finance_monthly
2021-11,SPY,455.56,2021-11-01,yahoo_finance_monthly
2021-12,SPY,474.96,2021-12-01,yahoo_finance_monthly
2022-01,SPY,449.91,2022-01-01,yahoo_finance_monthly
2022-02,SPY,436.63,2022-02-01,yahoo_finance_monthly
2022-03,SPY,451.64,2022-03-01,yahoo_finance_monthly
2022-04,SPY,412.0,2022-04-01,yahoo_finance_monthly
2022-05,SPY,412.93,2022-05-01,yahoo_finance_monthly
2022-06,SPY,377.25,2022-06-01,yahoo_finance_monthly
2022-07,SPY,411.99,2022-07-01,yahoo_finance_monthly
2022-08,SPY,395.18,2022-08-01,yahoo_finance_monthly
2022-09,SPY,357.18,2022-09-01,yahoo_finance_monthly
2022-10,SPY,386.21,2022-10-01,yahoo_finance_monthly
2022-11,SPY,407.68,2022-11-01,yahoo_finance_monthly
2022-12,SPY,382.43,2022-12-01,yahoo_finance_monthly
2023-01,SPY,406.48,2023-01-01,yahoo_finance_monthly
2023-02,SPY,396.26,2023-02-01,yahoo_finance_monthly
2023-03,SPY,409.39,2023-03-01,yahoo_finance_monthly
2023-04,SPY,415.93,2023-04-01,yahoo_finance_monthly
2023-05,SPY,417.85,2023-05-01,yahoo_finance_monthly
2023-06,SPY,443.28,2023-06-01,yahoo_finance_monthly
2023-07,SPY,457.79,2023-07-01,yahoo_finance_monthly
2023-08,SPY,450.35,2023-08-01,yahoo_finance_monthly
2023-09,SPY,427.48,2023-09-01,yahoo_finance_monthly
2023-10,SPY,418.2,2023-10-01,yahoo_finance_monthly
2023-11,SPY,456.4,2023-11-01,yahoo_finance_monthly
2023-12,SPY,475.31,2023-12-01,yahoo_finance_monthly
2024-01,SPY,482.88,2024-01-01,yahoo_finance_monthly
2024-02,SPY,508.08,2024-02-01,yahoo_finance_monthly
2024-03,SPY,523.07,2024-03-01,yahoo_finance_monthly
2024-04,SPY,501.98,2024-04-01,yahoo_finance_monthly
2024-05,SPY,527.37,2024-05-01,yahoo_finance_monthly
2024-06,SPY,544.22,2024-06-01,yahoo_finance_monthly
2024-07,SPY,550.81,2024-07-01,yahoo_finance_monthly
2024-08,SPY,563.68,2024-08-01,yahoo_finance_monthly
2024-09,SPY,573.76,2024-09-01,yahoo_finance_monthly
2024-10,SPY,568.64,2024-10-01,yahoo_finance_monthly
2024-11,SPY,602.55,2024-11-01,yahoo_finance_monthly
2024-12,SPY,586.08,2024-12-01,yahoo_finance_monthly
2025-01,SPY,601.82,2025-01-01,yahoo_finance_monthly
2025-02,SPY,594.18,2025-02-01,yahoo_finance_monthly
2025-03,SPY,559.39,2025-03-01,yahoo_finance_monthly
2025-04,SPY,554.54,2025-04-01,yahoo_finance_monthly
2025-05,SPY,589.39,2025-05-01,yahoo_finance_monthly
2025-06,SPY,617.85,2025-06-01,yahoo_finance_monthly
2025-07,SPY,632.08,2025-07-01,yahoo_finance_monthly
2025-08,SPY,645.05,2025-08-01,yahoo_finance_monthly
2025-09,SPY,666.18,2025-09-01,yahoo_finance_monthly
2025-10,SPY,682.06,2025-10-01,yahoo_finance_monthly
2025-11,SPY,683.39,2025-11-01,yahoo_finance_monthly
2025-12,SPY,681.92,2025-12-01,yahoo_finance_monthly
2026-01,SPY,691.97,2026-01-01,yahoo_finance_monthly
2026-02,SPY,685.99,2026-02-01,yahoo_finance_monthly
2026-03,SPY,650.34,2026-03-01,yahoo_finance_monthly
2026-04,SPY,718.66,2026-04-01,yahoo_finance_monthly
2026-05,SPY,756.48,2026-05-01,yahoo_finance_monthly
2026-06,SPY,746.77,2026-06-01,yahoo_finance_monthly
2026-07,SPY,747.03,2026-07-01,yahoo_finance_monthly
2026-08,SPY,767.05,2026-08-01,yahoo_finance_monthly
2026-09,SPY,13.1503,2026-09-17,audited_snapshot
2020-01,XBI,89.12,2020-01-01,yahoo_finance_monthly
2020-02,XBI,89.18,2020-02-01,yahoo_finance_monthly
2020-03,XBI,77.44,2020-03-01,yahoo_finance_monthly
2020-04,XBI,93.39,2020-04-01,yahoo_finance_monthly
2020-05,XBI,103.56,2020-05-01,yahoo_finance_monthly
2020-06,XBI,111.95,2020-06-01,yahoo_finance_monthly
2020-07,XBI,109.33,2020-07-01,yahoo_finance_monthly
2020-08,XBI,111.81,2020-08-01,yahoo_finance_monthly
2020-09,XBI,111.43,2020-09-01,yahoo_finance_monthly
2020-10,XBI,112.77,2020-10-01,yahoo_finance_monthly
2020-11,XBI,133.2,2020-11-01,yahoo_finance_monthly
2020-12,XBI,140.78,2020-12-01,yahoo_finance_monthly
2021-01,XBI,152.88,2021-01-01,yahoo_finance_monthly
2021-02,XBI,148.0,2021-02-01,yahoo_finance_monthly
2021-03,XBI,135.65,2021-03-01,yahoo_finance_monthly
2021-04,XBI,136.62,2021-04-01,yahoo_finance_monthly
2021-05,XBI,128.1,2021-05-01,yahoo_finance_monthly
2021-06,XBI,135.4,2021-06-01,yahoo_finance_monthly
2021-07,XBI,123.41,2021-07-01,yahoo_finance_monthly
2021-08,XBI,132.84,2021-08-01,yahoo_finance_monthly
2021-09,XBI,125.71,2021-09-01,yahoo_finance_monthly
2021-10,XBI,124.81,2021-10-01,yahoo_finance_monthly
2021-11,XBI,116.27,2021-11-01,yahoo_finance_monthly
2021-12,XBI,111.96,2021-12-01,yahoo_finance_monthly
2022-01,XBI,93.43,2022-01-01,yahoo_finance_monthly
2022-02,XBI,89.83,2022-02-01,yahoo_finance_monthly
2022-03,XBI,89.88,2022-03-01,yahoo_finance_monthly
2022-04,XBI,73.83,2022-04-01,yahoo_finance_monthly
2022-05,XBI,68.78,2022-05-01,yahoo_finance_monthly
2022-06,XBI,74.27,2022-06-01,yahoo_finance_monthly
2022-07,XBI,81.13,2022-07-01,yahoo_finance_monthly
2022-08,XBI,83.7,2022-08-01,yahoo_finance_monthly
2022-09,XBI,79.32,2022-09-01,yahoo_finance_monthly
2022-10,XBI,82.15,2022-10-01,yahoo_finance_monthly
2022-11,XBI,83.62,2022-11-01,yahoo_finance_monthly
2022-12,XBI,83.0,2022-12-01,yahoo_finance_monthly
2023-01,XBI,88.9,2023-01-01,yahoo_finance_monthly
2023-02,XBI,82.85,2023-02-01,yahoo_finance_monthly
2023-03,XBI,76.21,2023-03-01,yahoo_finance_monthly
2023-04,XBI,80.2,2023-04-01,yahoo_finance_monthly
2023-05,XBI,83.92,2023-05-01,yahoo_finance_monthly
2023-06,XBI,83.2,2023-06-01,yahoo_finance_monthly
2023-07,XBI,84.29,2023-07-01,yahoo_finance_monthly
2023-08,XBI,79.2,2023-08-01,yahoo_finance_monthly
2023-09,XBI,73.02,2023-09-01,yahoo_finance_monthly
2023-10,XBI,66.23,2023-10-01,yahoo_finance_monthly
2023-11,XBI,75.52,2023-11-01,yahoo_finance_monthly
2023-12,XBI,89.29,2023-12-01,yahoo_finance_monthly
2024-01,XBI,87.43,2024-01-01,yahoo_finance_monthly
2024-02,XBI,98.42,2024-02-01,yahoo_finance_monthly
2024-03,XBI,94.89,2024-03-01,yahoo_finance_monthly
2024-04,XBI,84.62,2024-04-01,yahoo_finance_monthly
2024-05,XBI,89.13,2024-05-01,yahoo_finance_monthly
2024-06,XBI,92.71,2024-06-01,yahoo_finance_monthly
2024-07,XBI,99.06,2024-07-01,yahoo_finance_monthly
2024-08,XBI,101.26,2024-08-01,yahoo_finance_monthly
2024-09,XBI,98.8,2024-09-01,yahoo_finance_monthly
2024-10,XBI,97.03,2024-10-01,yahoo_finance_monthly
2024-11,XBI,99.62,2024-11-01,yahoo_finance_monthly
2024-12,XBI,90.06,2024-12-01,yahoo_finance_monthly
2025-01,XBI,92.67,2025-01-01,yahoo_finance_monthly
2025-02,XBI,88.71,2025-02-01,yahoo_finance_monthly
2025-03,XBI,81.1,2025-03-01,yahoo_finance_monthly
2025-04,XBI,82.95,2025-04-01,yahoo_finance_monthly
2025-05,XBI,79.19,2025-05-01,yahoo_finance_monthly
2025-06,XBI,82.93,2025-06-01,yahoo_finance_monthly
2025-07,XBI,85.66,2025-07-01,yahoo_finance_monthly
2025-08,XBI,89.85,2025-08-01,yahoo_finance_monthly
2025-09,XBI,100.2,2025-09-01,yahoo_finance_monthly
2025-10,XBI,112.71,2025-10-01,yahoo_finance_monthly
2025-11,XBI,123.16,2025-11-01,yahoo_finance_monthly
2025-12,XBI,121.93,2025-12-01,yahoo_finance_monthly
2026-01,XBI,124.75,2026-01-01,yahoo_finance_monthly
2026-02,XBI,127.37,2026-02-01,yahoo_finance_monthly
2026-03,XBI,127.73,2026-03-01,yahoo_finance_monthly
2026-04,XBI,131.33,2026-04-01,yahoo_finance_monthly
2026-05,XBI,136.69,2026-05-01,yahoo_finance_monthly
2026-06,XBI,158.25,2026-06-01,yahoo_finance_monthly
2026-07,XBI,147.01,2026-07-01,yahoo_finance_monthly
2026-08,XBI,162.5,2026-08-01,yahoo_finance_monthly
2026-09,XBI,157.825,2026-09-17,yahoo_finance_monthly
2020-01,XLE,53.44,2020-01-01,yahoo_finance_monthly
2020-02,XLE,45.27,2020-02-01,yahoo_finance_monthly
2020-03,XLE,29.06,2020-03-01,yahoo_finance_monthly
2020-04,XLE,38.0,2020-04-01,yahoo_finance_monthly
2020-05,XLE,38.76,2020-05-01,yahoo_finance_monthly
2020-06,XLE,37.85,2020-06-01,yahoo_finance_monthly
2020-07,XLE,36.03,2020-07-01,yahoo_finance_monthly
2020-08,XLE,35.65,2020-08-01,yahoo_finance_monthly
2020-09,XLE,29.95,2020-09-01,yahoo_finance_monthly
2020-10,XLE,28.72,2020-10-01,yahoo_finance_monthly
2020-11,XLE,36.76,2020-11-01,yahoo_finance_monthly
2020-12,XLE,37.9,2020-12-01,yahoo_finance_monthly
2021-01,XLE,39.32,2021-01-01,yahoo_finance_monthly
2021-02,XLE,48.15,2021-02-01,yahoo_finance_monthly
2021-03,XLE,49.06,2021-03-01,yahoo_finance_monthly
2021-04,XLE,49.39,2021-04-01,yahoo_finance_monthly
2021-05,XLE,52.21,2021-05-01,yahoo_finance_monthly
2021-06,XLE,53.87,2021-06-01,yahoo_finance_monthly
2021-07,XLE,49.39,2021-07-01,yahoo_finance_monthly
2021-08,XLE,48.4,2021-08-01,yahoo_finance_monthly
2021-09,XLE,52.09,2021-09-01,yahoo_finance_monthly
2021-10,XLE,57.47,2021-10-01,yahoo_finance_monthly
2021-11,XLE,54.59,2021-11-01,yahoo_finance_monthly
2021-12,XLE,55.5,2021-12-01,yahoo_finance_monthly
2022-01,XLE,65.92,2022-01-01,yahoo_finance_monthly
2022-02,XLE,70.58,2022-02-01,yahoo_finance_monthly
2022-03,XLE,76.44,2022-03-01,yahoo_finance_monthly
2022-04,XLE,75.15,2022-04-01,yahoo_finance_monthly
2022-05,XLE,87.2,2022-05-01,yahoo_finance_monthly
2022-06,XLE,71.51,2022-06-01,yahoo_finance_monthly
2022-07,XLE,78.42,2022-07-01,yahoo_finance_monthly
2022-08,XLE,80.5,2022-08-01,yahoo_finance_monthly
2022-09,XLE,72.02,2022-09-01,yahoo_finance_monthly
2022-10,XLE,90.0,2022-10-01,yahoo_finance_monthly
2022-11,XLE,91.15,2022-11-01,yahoo_finance_monthly
2022-12,XLE,87.47,2022-12-01,yahoo_finance_monthly
2023-01,XLE,89.93,2023-01-01,yahoo_finance_monthly
2023-02,XLE,83.69,2023-02-01,yahoo_finance_monthly
2023-03,XLE,82.83,2023-03-01,yahoo_finance_monthly
2023-04,XLE,85.13,2023-04-01,yahoo_finance_monthly
2023-05,XLE,76.59,2023-05-01,yahoo_finance_monthly
2023-06,XLE,81.17,2023-06-01,yahoo_finance_monthly
2023-07,XLE,87.48,2023-07-01,yahoo_finance_monthly
2023-08,XLE,88.92,2023-08-01,yahoo_finance_monthly
2023-09,XLE,90.39,2023-09-01,yahoo_finance_monthly
2023-10,XLE,85.19,2023-10-01,yahoo_finance_monthly
2023-11,XLE,84.58,2023-11-01,yahoo_finance_monthly
2023-12,XLE,83.84,2023-12-01,yahoo_finance_monthly
2024-01,XLE,83.41,2024-01-01,yahoo_finance_monthly
2024-02,XLE,86.14,2024-02-01,yahoo_finance_monthly
2024-03,XLE,94.41,2024-03-01,yahoo_finance_monthly
2024-04,XLE,93.52,2024-04-01,yahoo_finance_monthly
2024-05,XLE,93.2,2024-05-01,yahoo_finance_monthly
2024-06,XLE,91.15,2024-06-01,yahoo_finance_monthly
2024-07,XLE,93.21,2024-07-01,yahoo_finance_monthly
2024-08,XLE,91.28,2024-08-01,yahoo_finance_monthly
2024-09,XLE,87.8,2024-09-01,yahoo_finance_monthly
2024-10,XLE,88.59,2024-10-01,yahoo_finance_monthly
2024-11,XLE,95.53,2024-11-01,yahoo_finance_monthly
2024-12,XLE,85.66,2024-12-01,yahoo_finance_monthly
2025-01,XLE,87.64,2025-01-01,yahoo_finance_monthly
2025-02,XLE,91.0,2025-02-01,yahoo_finance_monthly
2025-03,XLE,93.45,2025-03-01,yahoo_finance_monthly
2025-04,XLE,80.5,2025-04-01,yahoo_finance_monthly
2025-05,XLE,81.53,2025-05-01,yahoo_finance_monthly
2025-06,XLE,84.81,2025-06-01,yahoo_finance_monthly
2025-07,XLE,87.21,2025-07-01,yahoo_finance_monthly
2025-08,XLE,90.39,2025-08-01,yahoo_finance_monthly
2025-09,XLE,89.34,2025-09-01,yahoo_finance_monthly
2025-10,XLE,88.13,2025-10-01,yahoo_finance_monthly
2025-11,XLE,90.45,2025-11-01,yahoo_finance_monthly
2025-12,XLE,44.71,2025-12-01,yahoo_finance_monthly
2026-01,XLE,51.05,2026-01-01,yahoo_finance_monthly
2026-02,XLE,55.92,2026-02-01,yahoo_finance_monthly
2026-03,XLE,61.26,2026-03-01,yahoo_finance_monthly
2026-04,XLE,59.65,2026-04-01,yahoo_finance_monthly
2026-05,XLE,56.29,2026-05-01,yahoo_finance_monthly
2026-06,XLE,53.11,2026-06-01,yahoo_finance_monthly
2026-07,XLE,59.55,2026-07-01,yahoo_finance_monthly
2026-08,XLE,63.96,2026-08-01,yahoo_finance_monthly
2026-09,XLE,34.3789,2026-09-17,audited_snapshot
