txn_id,account_id,txn_date,posted_date,description_raw,amount_original,currency,direction,normalized_type,counterparty,is_internal_transfer,expense_bucket,expense_type,needs_review,source_file,notes
mp_157193983468,mercadopago_ars,2026-04-30,2026-05-01,SETTLEMENT,-40880.0,ARS,outflow,expense,-,False,other,discretionary,True,2026-04_mercadopago_movements_ars.csv,Ingested via parse_mercadopago_csv.py
mp_157333150862,mercadopago_ars,2026-05-01,2026-05-01,PAYOUTS,-5000.0,ARS,outflow,internal_transfer,-,True,-,-,True,2026-04_mercadopago_movements_ars.csv,Ingested via parse_mercadopago_csv.py
mp_157303610380,mercadopago_ars,2026-05-01,2026-05-01,SETTLEMENT,10000.0,ARS,inflow,income,-,False,-,-,False,2026-04_mercadopago_movements_ars.csv,Ingested via parse_mercadopago_csv.py
mp_156433713375,mercadopago_ars,2026-04-30,2026-04-30,SETTLEMENT,20000.0,ARS,inflow,income,-,False,-,-,False,2026-04_mercadopago_movements_ars.csv,Ingested via parse_mercadopago_csv.py
mp_156432406807,mercadopago_ars,2026-04-30,2026-04-30,SETTLEMENT,7500.0,ARS,inflow,income,-,False,-,-,False,2026-04_mercadopago_movements_ars.csv,Ingested via parse_mercadopago_csv.py
mp_157194104118,mercadopago_ars,2026-04-30,2026-04-30,SETTLEMENT,10000.0,ARS,inflow,internal_transfer,-,True,-,-,True,2026-04_mercadopago_movements_ars.csv,Ingested via parse_mercadopago_csv.py
mp_156538281328,mercadopago_ars,2026-04-26,2026-04-30,SETTLEMENT,-700.0,ARS,outflow,expense,-,False,other,discretionary,True,2026-04_mercadopago_movements_ars.csv,Ingested via parse_mercadopago_csv.py
mp_1743101533964,mercadopago_ars,2026-04-30,2026-04-30,SETTLEMENT,25.56,ARS,inflow,income,-,False,-,-,False,2026-04_mercadopago_movements_ars.csv,Ingested via parse_mercadopago_csv.py
mp_156893619648,mercadopago_ars,2026-04-29,2026-04-29,SETTLEMENT,-11738.03,ARS,outflow,expense,-,False,other,discretionary,True,2026-04_mercadopago_movements_ars.csv,Ingested via parse_mercadopago_csv.py
mp_156534255306,mercadopago_ars,2026-04-26,2026-04-29,SETTLEMENT,-11870.0,ARS,outflow,expense,-,False,other,discretionary,True,2026-04_mercadopago_movements_ars.csv,Ingested via parse_mercadopago_csv.py
mp_1743037819064,mercadopago_ars,2026-04-29,2026-04-29,SETTLEMENT,31.24,ARS,inflow,income,-,False,-,-,False,2026-04_mercadopago_movements_ars.csv,Ingested via parse_mercadopago_csv.py
mp_156112519049,mercadopago_ars,2026-04-28,2026-04-28,SETTLEMENT,1300.0,ARS,inflow,internal_transfer,-,True,-,-,True,2026-04_mercadopago_movements_ars.csv,Ingested via parse_mercadopago_csv.py
mp_1742984424677,mercadopago_ars,2026-04-28,2026-04-28,SETTLEMENT,30.69,ARS,inflow,income,-,False,-,-,False,2026-04_mercadopago_movements_ars.csv,Ingested via parse_mercadopago_csv.py
mp_1742909492225,mercadopago_ars,2026-04-27,2026-04-27,SETTLEMENT,12.96,ARS,inflow,income,-,False,-,-,False,2026-04_mercadopago_movements_ars.csv,Ingested via parse_mercadopago_csv.py
mp_155405610815,mercadopago_ars,2026-04-23,2026-04-26,SETTLEMENT,-59065.0,ARS,outflow,expense,-,False,other,discretionary,True,2026-04_mercadopago_movements_ars.csv,Ingested via parse_mercadopago_csv.py
mp_156171976404,mercadopago_ars,2026-04-23,2026-04-26,SETTLEMENT,-700.0,ARS,outflow,expense,-,False,other,discretionary,True,2026-04_mercadopago_movements_ars.csv,Ingested via parse_mercadopago_csv.py
mp_155709364503,mercadopago_ars,2026-04-25,2026-04-25,PAYOUTS,-122600.0,ARS,outflow,internal_transfer,-,True,-,-,True,2026-04_mercadopago_movements_ars.csv,Ingested via parse_mercadopago_csv.py
mp_156469196066,mercadopago_ars,2026-04-25,2026-04-25,SETTLEMENT,3000.0,ARS,inflow,income,-,False,-,-,False,2026-04_mercadopago_movements_ars.csv,Ingested via parse_mercadopago_csv.py
mp_156469090046,mercadopago_ars,2026-04-25,2026-04-25,SETTLEMENT,42000.0,ARS,inflow,income,-,False,-,-,False,2026-04_mercadopago_movements_ars.csv,Ingested via parse_mercadopago_csv.py
mp_155709233795,mercadopago_ars,2026-04-25,2026-04-25,SETTLEMENT,150000.0,ARS,inflow,internal_transfer,-,True,-,-,True,2026-04_mercadopago_movements_ars.csv,Ingested via parse_mercadopago_csv.py
mp_155944817750,mercadopago_ars,2026-04-22,2026-04-25,SETTLEMENT,-650.0,ARS,outflow,expense,-,False,other,discretionary,True,2026-04_mercadopago_movements_ars.csv,Ingested via parse_mercadopago_csv.py
mp_155940794254,mercadopago_ars,2026-04-22,2026-04-25,SETTLEMENT,-13400.0,ARS,outflow,expense,-,False,other,discretionary,True,2026-04_mercadopago_movements_ars.csv,Ingested via parse_mercadopago_csv.py
mp_156404967074,mercadopago_ars,2026-04-25,2026-04-25,SETTLEMENT,-10500.0,ARS,outflow,expense,-,False,other,discretionary,True,2026-04_mercadopago_movements_ars.csv,Ingested via parse_mercadopago_csv.py
mp_155242269955,mercadopago_ars,2026-04-22,2026-04-25,SETTLEMENT,-700.0,ARS,outflow,expense,-,False,other,discretionary,True,2026-04_mercadopago_movements_ars.csv,Ingested via parse_mercadopago_csv.py
mp_155996460516,mercadopago_ars,2026-04-22,2026-04-25,SETTLEMENT,-36980.0,ARS,outflow,expense,-,False,other,discretionary,True,2026-04_mercadopago_movements_ars.csv,Ingested via parse_mercadopago_csv.py
mp_155722864338,mercadopago_ars,2026-04-20,2026-04-25,SETTLEMENT,-11600.0,ARS,outflow,expense,-,False,other,discretionary,True,2026-04_mercadopago_movements_ars.csv,Ingested via parse_mercadopago_csv.py
mp_155724100834,mercadopago_ars,2026-04-20,2026-04-24,SETTLEMENT,-650.0,ARS,outflow,expense,-,False,other,discretionary,True,2026-04_mercadopago_movements_ars.csv,Ingested via parse_mercadopago_csv.py
mp_156326135464,mercadopago_ars,2026-04-24,2026-04-24,Mercado Pago - QR (SETTLEMENT),-16999.0,ARS,outflow,expense,Mercado Pago,False,other,discretionary,True,2026-04_mercadopago_movements_ars.csv,Ingested via parse_mercadopago_csv.py
mp_155566768939,mercadopago_ars,2026-04-24,2026-04-24,SETTLEMENT,20000.0,ARS,inflow,internal_transfer,-,True,-,-,True,2026-04_mercadopago_movements_ars.csv,Ingested via parse_mercadopago_csv.py
mp_154754072777,mercadopago_ars,2026-04-19,2026-04-24,SETTLEMENT,-11780.0,ARS,outflow,expense,-,False,other,discretionary,True,2026-04_mercadopago_movements_ars.csv,Ingested via parse_mercadopago_csv.py
mp_155471266580,mercadopago_ars,2026-04-19,2026-04-24,SETTLEMENT,-12431.0,ARS,outflow,expense,-,False,other,discretionary,True,2026-04_mercadopago_movements_ars.csv,Ingested via parse_mercadopago_csv.py
mp_155512632340,mercadopago_ars,2026-04-19,2026-04-24,SETTLEMENT,-550.0,ARS,outflow,expense,-,False,other,discretionary,True,2026-04_mercadopago_movements_ars.csv,Ingested via parse_mercadopago_csv.py
mp_1742839764765,mercadopago_ars,2026-04-24,2026-04-24,SETTLEMENT,14.41,ARS,inflow,income,-,False,-,-,False,2026-04_mercadopago_movements_ars.csv,Ingested via parse_mercadopago_csv.py
mp_155405578675,mercadopago_ars,2026-04-23,2026-04-23,SETTLEMENT,40000.0,ARS,inflow,internal_transfer,-,True,-,-,True,2026-04_mercadopago_movements_ars.csv,Ingested via parse_mercadopago_csv.py
mp_154694203123,mercadopago_ars,2026-04-18,2026-04-23,SETTLEMENT,-9358.0,ARS,outflow,expense,-,False,other,discretionary,True,2026-04_mercadopago_movements_ars.csv,Ingested via parse_mercadopago_csv.py
mp_154716679697,mercadopago_ars,2026-04-19,2026-04-23,SETTLEMENT,-1710.0,ARS,outflow,expense,-,False,other,discretionary,True,2026-04_mercadopago_movements_ars.csv,Ingested via parse_mercadopago_csv.py
mp_1742762085053,mercadopago_ars,2026-04-23,2026-04-23,SETTLEMENT,16.37,ARS,inflow,income,-,False,-,-,False,2026-04_mercadopago_movements_ars.csv,Ingested via parse_mercadopago_csv.py
mp_155238913843,mercadopago_ars,2026-04-22,2026-04-22,SETTLEMENT,25000.0,ARS,inflow,internal_transfer,-,True,-,-,True,2026-04_mercadopago_movements_ars.csv,Ingested via parse_mercadopago_csv.py
mp_155940558052,mercadopago_ars,2026-04-22,2026-04-22,SETTLEMENT,40000.0,ARS,inflow,internal_transfer,-,True,-,-,True,2026-04_mercadopago_movements_ars.csv,Ingested via parse_mercadopago_csv.py
mp_1742711911886,mercadopago_ars,2026-04-22,2026-04-22,SETTLEMENT,14.92,ARS,inflow,income,-,False,-,-,False,2026-04_mercadopago_movements_ars.csv,Ingested via parse_mercadopago_csv.py
mp_155109812549,mercadopago_ars,2026-04-21,2026-04-21,Mercado Libre (SETTLEMENT),-23035.0,ARS,outflow,expense,Mercado Libre,False,shopping,discretionary,False,2026-04_mercadopago_movements_ars.csv,Ingested via parse_mercadopago_csv.py
mp_1742646734685,mercadopago_ars,2026-04-21,2026-04-21,SETTLEMENT,5.84,ARS,inflow,income,-,False,-,-,False,2026-04_mercadopago_movements_ars.csv,Ingested via parse_mercadopago_csv.py
mp_155722824826,mercadopago_ars,2026-04-20,2026-04-20,SETTLEMENT,30000.0,ARS,inflow,internal_transfer,-,True,-,-,True,2026-04_mercadopago_movements_ars.csv,Ingested via parse_mercadopago_csv.py
mp_154269818417,mercadopago_ars,2026-04-16,2026-04-20,SETTLEMENT,-14649.0,ARS,outflow,expense,-,False,other,discretionary,True,2026-04_mercadopago_movements_ars.csv,Ingested via parse_mercadopago_csv.py
mp_154385049077,mercadopago_ars,2026-04-16,2026-04-20,SETTLEMENT,-30580.0,ARS,outflow,expense,-,False,other,discretionary,True,2026-04_mercadopago_movements_ars.csv,Ingested via parse_mercadopago_csv.py
mp_1742574286114,mercadopago_ars,2026-04-20,2026-04-20,SETTLEMENT,63.97,ARS,inflow,income,-,False,-,-,False,2026-04_mercadopago_movements_ars.csv,Ingested via parse_mercadopago_csv.py
mp_154393512341,mercadopago_ars,2026-04-16,2026-04-19,SETTLEMENT,-700.0,ARS,outflow,expense,-,False,other,discretionary,True,2026-04_mercadopago_movements_ars.csv,Ingested via parse_mercadopago_csv.py
mp_155471209568,mercadopago_ars,2026-04-19,2026-04-19,SETTLEMENT,30000.0,ARS,inflow,internal_transfer,-,True,-,-,True,2026-04_mercadopago_movements_ars.csv,Ingested via parse_mercadopago_csv.py
mp_154715897871,mercadopago_ars,2026-04-19,2026-04-19,Mercado Pago - QR (SETTLEMENT),-15000.0,ARS,outflow,expense,Mercado Pago,False,other,discretionary,True,2026-04_mercadopago_movements_ars.csv,Ingested via parse_mercadopago_csv.py
mp_154451460517,mercadopago_ars,2026-04-17,2026-04-18,SETTLEMENT,-4411.01,ARS,outflow,expense,-,False,other,discretionary,True,2026-04_mercadopago_movements_ars.csv,Ingested via parse_mercadopago_csv.py
mp_154473092345,mercadopago_ars,2026-04-17,2026-04-17,SETTLEMENT,8250.0,ARS,inflow,income,-,False,-,-,False,2026-04_mercadopago_movements_ars.csv,Ingested via parse_mercadopago_csv.py
mp_1742507668795,mercadopago_ars,2026-04-17,2026-04-17,SETTLEMENT,32.03,ARS,inflow,income,-,False,-,-,False,2026-04_mercadopago_movements_ars.csv,Ingested via parse_mercadopago_csv.py
mp_154384838885,mercadopago_ars,2026-04-16,2026-04-16,SETTLEMENT,8250.0,ARS,inflow,income,-,False,-,-,False,2026-04_mercadopago_movements_ars.csv,Ingested via parse_mercadopago_csv.py
mp_154641574360,mercadopago_ars,2026-04-13,2026-04-16,SETTLEMENT,-8639.0,ARS,outflow,expense,-,False,other,discretionary,True,2026-04_mercadopago_movements_ars.csv,Ingested via parse_mercadopago_csv.py
mp_153916152423,mercadopago_ars,2026-04-13,2026-04-16,SETTLEMENT,-700.0,ARS,outflow,expense,-,False,other,discretionary,True,2026-04_mercadopago_movements_ars.csv,Ingested via parse_mercadopago_csv.py
mp_1742440208466,mercadopago_ars,2026-04-16,2026-04-16,SETTLEMENT,39.75,ARS,inflow,income,-,False,-,-,False,2026-04_mercadopago_movements_ars.csv,Ingested via parse_mercadopago_csv.py
mp_154658292698,mercadopago_ars,2026-04-13,2026-04-15,SETTLEMENT,-13440.0,ARS,outflow,expense,-,False,other,discretionary,True,2026-04_mercadopago_movements_ars.csv,Ingested via parse_mercadopago_csv.py
mp_153871583779,mercadopago_ars,2026-04-13,2026-04-15,SETTLEMENT,-9282.0,ARS,outflow,expense,-,False,other,discretionary,True,2026-04_mercadopago_movements_ars.csv,Ingested via parse_mercadopago_csv.py
mp_154145702153,mercadopago_ars,2026-04-15,2026-04-15,SETTLEMENT,-8000.0,ARS,outflow,expense,-,False,other,discretionary,True,2026-04_mercadopago_movements_ars.csv,Ingested via parse_mercadopago_csv.py
mp_1742376342518,mercadopago_ars,2026-04-15,2026-04-15,SETTLEMENT,43.97,ARS,inflow,income,-,False,-,-,False,2026-04_mercadopago_movements_ars.csv,Ingested via parse_mercadopago_csv.py
mp_153645041283,mercadopago_ars,2026-04-11,2026-04-14,SETTLEMENT,-30080.0,ARS,outflow,expense,-,False,other,discretionary,True,2026-04_mercadopago_movements_ars.csv,Ingested via parse_mercadopago_csv.py
mp_153657167693,mercadopago_ars,2026-04-12,2026-04-14,SETTLEMENT,-700.0,ARS,outflow,expense,-,False,other,discretionary,True,2026-04_mercadopago_movements_ars.csv,Ingested via parse_mercadopago_csv.py
mp_154156348650,mercadopago_ars,2026-04-10,2026-04-14,SETTLEMENT,-650.0,ARS,outflow,expense,-,False,other,discretionary,True,2026-04_mercadopago_movements_ars.csv,Ingested via parse_mercadopago_csv.py
mp_154086787118,mercadopago_ars,2026-04-10,2026-04-14,SETTLEMENT,-6139.0,ARS,outflow,expense,-,False,other,discretionary,True,2026-04_mercadopago_movements_ars.csv,Ingested via parse_mercadopago_csv.py
mp_1742306284315,mercadopago_ars,2026-04-14,2026-04-14,SETTLEMENT,8.07,ARS,inflow,income,-,False,-,-,False,2026-04_mercadopago_movements_ars.csv,Ingested via parse_mercadopago_csv.py
mp_153405197635,mercadopago_ars,2026-04-10,2026-04-14,SETTLEMENT,-9739.0,ARS,outflow,expense,-,False,other,discretionary,True,2026-04_mercadopago_movements_ars.csv,Ingested via parse_mercadopago_csv.py
mp_154641252214,mercadopago_ars,2026-04-13,2026-04-13,SETTLEMENT,100000.0,ARS,inflow,internal_transfer,-,True,-,-,True,2026-04_mercadopago_movements_ars.csv,Ingested via parse_mercadopago_csv.py
mp_153891716509,mercadopago_ars,2026-04-13,2026-04-13,SETTLEMENT,-9250.0,ARS,outflow,expense,-,False,other,discretionary,True,2026-04_mercadopago_movements_ars.csv,Ingested via parse_mercadopago_csv.py
mp_1742233002130,mercadopago_ars,2026-04-13,2026-04-13,SETTLEMENT,72.54,ARS,inflow,income,-,False,-,-,False,2026-04_mercadopago_movements_ars.csv,Ingested via parse_mercadopago_csv.py
mp_154328372644,mercadopago_ars,2026-04-11,2026-04-11,SETTLEMENT,-7500.0,ARS,outflow,expense,-,False,other,discretionary,True,2026-04_mercadopago_movements_ars.csv,Ingested via parse_mercadopago_csv.py
mp_154328072534,mercadopago_ars,2026-04-11,2026-04-11,SETTLEMENT,8000.0,ARS,inflow,income,-,False,-,-,False,2026-04_mercadopago_movements_ars.csv,Ingested via parse_mercadopago_csv.py
mp_153484985233,mercadopago_ars,2026-04-10,2026-04-10,PAYOUTS,-15715.0,ARS,outflow,internal_transfer,-,True,-,-,True,2026-04_mercadopago_movements_ars.csv,Ingested via parse_mercadopago_csv.py
mp_154229248832,mercadopago_ars,2026-04-10,2026-04-10,Mercado Pago - Checkouts (SETTLEMENT),-36000.0,ARS,outflow,expense,Mercado Pago,False,other,discretionary,True,2026-04_mercadopago_movements_ars.csv,Ingested via parse_mercadopago_csv.py
mp_153482645147,mercadopago_ars,2026-04-10,2026-04-10,SETTLEMENT,80000.0,ARS,inflow,internal_transfer,-,True,-,-,True,2026-04_mercadopago_movements_ars.csv,Ingested via parse_mercadopago_csv.py
mp_153470695095,mercadopago_ars,2026-04-10,2026-04-10,Mercado Pago - Checkouts (SETTLEMENT),-18399.0,ARS,outflow,expense,Mercado Pago,False,other,discretionary,True,2026-04_mercadopago_movements_ars.csv,Ingested via parse_mercadopago_csv.py
mp_1742165152176,mercadopago_ars,2026-04-10,2026-04-10,SETTLEMENT,33.47,ARS,inflow,income,-,False,-,-,False,2026-04_mercadopago_movements_ars.csv,Ingested via parse_mercadopago_csv.py
mp_152932805005,mercadopago_ars,2026-04-07,2026-04-09,SETTLEMENT,-550.0,ARS,outflow,expense,-,False,other,discretionary,True,2026-04_mercadopago_movements_ars.csv,Ingested via parse_mercadopago_csv.py
mp_153051966585,mercadopago_ars,2026-04-08,2026-04-09,SETTLEMENT,-5990.0,ARS,outflow,expense,-,False,other,discretionary,True,2026-04_mercadopago_movements_ars.csv,Ingested via parse_mercadopago_csv.py
mp_153423690980,mercadopago_ars,2026-04-05,2026-04-09,SETTLEMENT,-11329.0,ARS,outflow,expense,-,False,other,discretionary,True,2026-04_mercadopago_movements_ars.csv,Ingested via parse_mercadopago_csv.py
mp_1742096830029,mercadopago_ars,2026-04-09,2026-04-09,SETTLEMENT,18.62,ARS,inflow,income,-,False,-,-,False,2026-04_mercadopago_movements_ars.csv,Ingested via parse_mercadopago_csv.py
mp_152690640145,mercadopago_ars,2026-04-06,2026-04-08,SETTLEMENT,-650.0,ARS,outflow,expense,-,False,other,discretionary,True,2026-04_mercadopago_movements_ars.csv,Ingested via parse_mercadopago_csv.py
mp_153671482392,mercadopago_ars,2026-04-07,2026-04-08,SETTLEMENT,-8165.0,ARS,outflow,expense,-,False,other,discretionary,True,2026-04_mercadopago_movements_ars.csv,Ingested via parse_mercadopago_csv.py
mp_153868596900,mercadopago_ars,2026-04-08,2026-04-08,PAYOUTS,-78000.0,ARS,outflow,internal_transfer,-,True,-,-,True,2026-04_mercadopago_movements_ars.csv,Ingested via parse_mercadopago_csv.py
mp_153124898049,mercadopago_ars,2026-04-08,2026-04-08,SETTLEMENT,100000.0,ARS,inflow,internal_transfer,-,True,-,-,True,2026-04_mercadopago_movements_ars.csv,Ingested via parse_mercadopago_csv.py
mp_153124463285,mercadopago_ars,2026-04-08,2026-04-08,Mercado Pago - Checkouts (SETTLEMENT),-94703.46,ARS,outflow,expense,Mercado Pago,False,other,discretionary,True,2026-04_mercadopago_movements_ars.csv,Ingested via parse_mercadopago_csv.py
mp_153868608452,mercadopago_ars,2026-04-08,2026-04-08,SETTLEMENT,100000.0,ARS,inflow,internal_transfer,-,True,-,-,True,2026-04_mercadopago_movements_ars.csv,Ingested via parse_mercadopago_csv.py
mp_153833902036,mercadopago_ars,2026-04-08,2026-04-08,PAYOUTS,-10700.0,ARS,outflow,internal_transfer,-,True,-,-,True,2026-04_mercadopago_movements_ars.csv,Ingested via parse_mercadopago_csv.py
mp_153806823560,mercadopago_ars,2026-04-08,2026-04-08,SETTLEMENT,14000.0,ARS,inflow,income,-,False,-,-,False,2026-04_mercadopago_movements_ars.csv,Ingested via parse_mercadopago_csv.py
mp_153134802744,mercadopago_ars,2026-04-03,2026-04-08,SETTLEMENT,-29077.0,ARS,outflow,expense,-,False,other,discretionary,True,2026-04_mercadopago_movements_ars.csv,Ingested via parse_mercadopago_csv.py
mp_152335283727,mercadopago_ars,2026-04-02,2026-04-08,SETTLEMENT,-15019.0,ARS,outflow,expense,-,False,other,discretionary,True,2026-04_mercadopago_movements_ars.csv,Ingested via parse_mercadopago_csv.py
mp_153006384392,mercadopago_ars,2026-04-02,2026-04-08,SETTLEMENT,-550.0,ARS,outflow,expense,-,False,other,discretionary,True,2026-04_mercadopago_movements_ars.csv,Ingested via parse_mercadopago_csv.py
mp_152398220317,mercadopago_ars,2026-04-03,2026-04-08,SETTLEMENT,-700.0,ARS,outflow,expense,-,False,other,discretionary,True,2026-04_mercadopago_movements_ars.csv,Ingested via parse_mercadopago_csv.py
mp_152346326105,mercadopago_ars,2026-04-03,2026-04-08,SETTLEMENT,-700.0,ARS,outflow,expense,-,False,other,discretionary,True,2026-04_mercadopago_movements_ars.csv,Ingested via parse_mercadopago_csv.py
mp_1742032925651,mercadopago_ars,2026-04-08,2026-04-08,SETTLEMENT,41.64,ARS,inflow,income,-,False,-,-,False,2026-04_mercadopago_movements_ars.csv,Ingested via parse_mercadopago_csv.py
mp_153750236268,mercadopago_ars,2026-04-07,2026-04-07,PAYOUTS,-11000.0,ARS,outflow,internal_transfer,-,True,-,-,True,2026-04_mercadopago_movements_ars.csv,Ingested via parse_mercadopago_csv.py
mp_153007032399,mercadopago_ars,2026-04-07,2026-04-07,SETTLEMENT,-27200.0,ARS,outflow,expense,-,False,other,discretionary,True,2026-04_mercadopago_movements_ars.csv,Ingested via parse_mercadopago_csv.py
mp_152257968059,mercadopago_ars,2026-04-02,2026-04-07,SETTLEMENT,-10630.0,ARS,outflow,expense,-,False,other,discretionary,True,2026-04_mercadopago_movements_ars.csv,Ingested via parse_mercadopago_csv.py
mp_152928452429,mercadopago_ars,2026-04-07,2026-04-07,SETTLEMENT,80000.0,ARS,inflow,internal_transfer,-,True,-,-,True,2026-04_mercadopago_movements_ars.csv,Ingested via parse_mercadopago_csv.py
mp_153205102222,mercadopago_ars,2026-04-04,2026-04-07,SETTLEMENT,-9751.0,ARS,outflow,expense,-,False,other,discretionary,True,2026-04_mercadopago_movements_ars.csv,Ingested via parse_mercadopago_csv.py
mp_1741959770476,mercadopago_ars,2026-04-07,2026-04-07,SETTLEMENT,1.82,ARS,inflow,income,-,False,-,-,False,2026-04_mercadopago_movements_ars.csv,Ingested via parse_mercadopago_csv.py
mp_152791498869,mercadopago_ars,2026-04-06,2026-04-06,SETTLEMENT,-13333.33,ARS,outflow,expense,-,False,other,discretionary,True,2026-04_mercadopago_movements_ars.csv,Ingested via parse_mercadopago_csv.py
mp_152774248655,mercadopago_ars,2026-04-06,2026-04-06,SETTLEMENT,14000.0,ARS,inflow,income,-,False,-,-,False,2026-04_mercadopago_movements_ars.csv,Ingested via parse_mercadopago_csv.py
mp_1741888540573,mercadopago_ars,2026-04-06,2026-04-06,SETTLEMENT,122.71,ARS,inflow,income,-,False,-,-,False,2026-04_mercadopago_movements_ars.csv,Ingested via parse_mercadopago_csv.py
mp_153177737096,mercadopago_ars,2026-04-03,2026-04-05,SETTLEMENT,-6654.0,ARS,outflow,expense,-,False,other,discretionary,True,2026-04_mercadopago_movements_ars.csv,Ingested via parse_mercadopago_csv.py
mp_153388709782,mercadopago_ars,2026-04-05,2026-04-05,Mercado Pago - Checkouts (SETTLEMENT),-38000.0,ARS,outflow,expense,Mercado Pago,False,other,discretionary,True,2026-04_mercadopago_movements_ars.csv,Ingested via parse_mercadopago_csv.py
mp_153388641642,mercadopago_ars,2026-04-05,2026-04-05,SETTLEMENT,50000.0,ARS,inflow,internal_transfer,-,True,-,-,True,2026-04_mercadopago_movements_ars.csv,Ingested via parse_mercadopago_csv.py
mp_153073028668,mercadopago_ars,2026-04-02,2026-04-02,SETTLEMENT,-17500.0,ARS,outflow,expense,-,False,other,discretionary,True,2026-04_mercadopago_movements_ars.csv,Ingested via parse_mercadopago_csv.py
mp_152333250435,mercadopago_ars,2026-04-02,2026-04-02,SETTLEMENT,50000.0,ARS,inflow,internal_transfer,-,True,-,-,True,2026-04_mercadopago_movements_ars.csv,Ingested via parse_mercadopago_csv.py
mp_1741797931244,mercadopago_ars,2026-04-01,2026-04-01,SETTLEMENT,24.75,ARS,inflow,income,-,False,-,-,False,2026-04_mercadopago_movements_ars.csv,Ingested via parse_mercadopago_csv.py
mp_151644474131,mercadopago_ars,2026-03-29,2026-04-01,SETTLEMENT,-12905.0,ARS,outflow,expense,-,False,other,discretionary,True,2026-04_mercadopago_movements_ars.csv,Ingested via parse_mercadopago_csv.py
